suburb,0p,25p,50p,75p,100p,count
ABBOTSBURY,91000.0,111375.0,150500.0,248250.0,340000.0,20
ABBOTSFORD,100000.0,187000.0,244000.0,300000.0,2000000.0,137
ABBOTSFORD POINT,430000.0,430000.0,430000.0,430000.0,430000.0,1
ABERDARE,28500.0,60000.0,71500.0,82750.0,140000.0,34
ABERDEEN,8000.0,14000.0,37000.0,75000.0,145000.0,33
ABERGLASSLYN,36000.0,42125.0,42950.0,43950.0,45000.0,27
ABERMAIN,5700.0,36250.0,69000.0,81500.0,134500.0,47
ABERNETHY,15500.0,20000.0,20000.0,20000.0,43000.0,5
ADAMSTOWN,0.0,88000.0,110000.0,130000.0,390000.0,177
ADAMSTOWN HEIGHTS,0.0,106250.0,135500.0,157000.0,310000.0,104
ADAMSTOWN HTS,51950.0,51950.0,51950.0,51950.0,51950.0,1
ADELONG,13000.0,51000.0,59500.0,78000.0,344747.0,16
AGNES BANKS (RICHMOND),50000.0,71500.0,93000.0,94000.0,95000.0,3
AIRDS,82000.0,89000.0,97000.0,123750.0,130000.0,14
AKOLELE,105000.0,105000.0,105000.0,105000.0,105000.0,1
ALBION PARK,896.0,56000.0,63500.0,121000.0,250500.0,368
ALBION PARK RAIL,47000.0,56000.0,110000.0,123500.0,350000.0,222
ALBURY,0.0,39875.0,82000.0,115000.0,1269000.0,888
ALEXANDRIA,30000.0,132000.0,157000.0,181800.0,16397151.0,105
ALFORDS POINT,1000.0,179625.0,240000.0,330000.0,1470000.0,51
ALLAMBIE,160000.0,200000.0,218000.0,220000.0,266000.0,5
ALLAMBIE HEIGHTS,90000.0,216250.0,246050.0,282375.0,506000.0,58
ALLAWAH,19.0,153000.0,159000.0,175000.0,21893490.0,93
ALSTONVILLE,14000.0,68000.0,117000.0,140375.0,320000.0,174
AMBARVALE,45000.0,104000.0,118000.0,126000.0,4500000.0,161
ANGOURIE,72500.0,76875.0,81250.0,85625.0,90000.0,2
ANNA BAY,34000.0,56500.0,95000.0,129000.0,300000.0,78
ANNANDALE,87500.0,158000.0,192000.0,253500.0,1700000.0,237
ANNANGROVE,335000.0,335000.0,335000.0,335000.0,335000.0,1
APPIN,60000.0,66000.0,100000.0,140000.0,650000.0,27
ARAKOON,50000.0,87500.0,102500.0,130500.0,207000.0,4
ARCADIA VALE,0.0,34000.0,65000.0,121000.0,178000.0,47
ARGENTON,0.0,72250.0,86500.0,97750.0,118500.0,38
ARMIDALE,7500.0,76000.0,106000.0,130000.0,480000.0,549
ARNCLIFFE,9000.0,135000.0,165000.0,199500.0,17000000.0,170
ARRAWARRA,15000.0,78000.0,88000.0,95000.0,116500.0,5
ARTARMON,66666.0,119000.0,185000.0,263000.0,3300000.0,196
ASHBURY,118000.0,166000.0,195000.0,230000.0,1569000.0,41
ASHBY,45000.0,45000.0,45000.0,45000.0,45000.0,1
ASHCROFT,7000.0,95500.0,110000.0,117000.0,132000.0,32
ASHFIELD,10400.0,125707.5,147000.0,190000.0,16000000.0,498
ASHMONT,13003.0,76000.0,88500.0,104000.0,195000.0,93
ASHTON FIELD,50000.0,113500.0,150000.0,160000.0,225000.0,17
ASHTONFIELD,47000.0,52000.0,56500.0,90000.0,225000.0,91
ASQUITH,29.0,161000.0,183000.0,205000.0,270000.0,74
AUBURN,0.0,95000.0,122000.0,141425.0,13250000.0,583
AUSTINMER,0.0,0.0,150000.0,192750.0,280000.0,36
AUSTRAL,87500.0,121250.0,138250.0,156750.0,195000.0,4
AVALON,0.0,195625.0,240000.0,317250.0,930000.0,68
AVALON BEACH,240000.0,240000.0,240000.0,240000.0,240000.0,1
AVOCA BEACH,20000.0,127750.0,182000.0,220000.0,750000.0,122
AWABA,27000.0,52000.0,80000.0,100000.0,191000.0,13
AYLMERTON,60000.0,60000.0,60000.0,60000.0,60000.0,1
BALARANG,110000.0,126750.0,136000.0,140500.0,160000.0,16
BALCOLYN,0.0,35125.0,77000.0,113250.0,242000.0,30
BALGOWLAH,0.0,162000.0,240000.0,300000.0,785000.0,261
BALGOWLAH HEIGHTS,0.0,305000.0,414000.0,555000.0,760000.0,96
BALGOWNIE,0.0,41667.0,150500.0,192500.0,420000.0,69
BALLINA,0.0,111250.0,130000.0,158875.0,1525000.0,334
BALMAIN,45000.0,205000.0,250000.0,320000.0,2745000.0,373
BALMAIN EAST,152000.0,238000.0,445000.0,535000.0,960000.0,13
BALMORAL,0.0,142000.0,320000.0,875000.0,2600000.0,78
BALMORAL BEACH,157000.0,249500.0,333000.0,722500.0,1140000.0,7
BANGALOW,51000.0,82250.0,114000.0,132750.0,182000.0,19
BANGOR,115000.0,206625.0,244250.0,278750.0,760000.0,86
BANKSIA,103000.0,142000.0,160000.0,170000.0,315000.0,25
BANKSTOWN,100.0,130000.0,149000.0,175000.0,12200000.0,397
BANORA POINT,0.0,65000.0,108900.0,145500.0,3500000.0,375
BAR BEACH,32000.0,146250.0,153950.0,160000.0,395000.0,47
BAR POINT,55000.0,55500.0,56000.0,114500.0,173000.0,3
BARADINE,6500.0,30000.0,36000.0,51875.0,85000.0,14
BARDWELL PARK,103000.0,190000.0,235000.0,250000.0,302500.0,31
BARGO,38500.0,85250.0,108000.0,134750.0,190000.0,63
BARNSLEY,0.0,93500.0,106000.0,132500.0,235000.0,34
BARRA BRUI,300000.0,340000.0,380000.0,392500.0,425000.0,7
BARRACK HEIGHTS,35000.0,104000.0,121000.0,137000.0,357000.0,89
BARRACK POINT,96000.0,140000.0,196000.0,256250.0,265000.0,8
BARRINGTON,14500.0,22125.0,29750.0,37375.0,45000.0,2
BASIN VIEW,0.0,34625.0,64500.0,99000.0,180000.0,46
BASS HILL,100.0,128000.0,151000.0,180500.0,1132000.0,85
BATEAU BAY,2000.0,85500.0,125000.0,157250.0,9995000.0,359
BATEHAVEN,15000.0,78000.0,118000.0,157000.0,1153000.0,103
BATEMANS BAY,1.0,49000.0,94500.0,130000.0,463000.0,387
BATHURST,0.0,48625.0,90000.0,120000.0,14800000.0,954
BATLOW,6599.0,30000.0,52000.0,65000.0,87000.0,21
BAULKHAM HILLS,0.0,168625.0,194000.0,231750.0,1833000.0,730
BAWLEY POINT,0.0,0.0,67500.0,119250.0,145000.0,12
BAYLDON,0.0,35500.0,93500.0,122000.0,210000.0,111
BAYVIEW,210000.0,322500.0,357500.0,546750.0,718000.0,12
BEACON HILL,127000.0,229000.0,264500.0,290000.0,382000.0,67
BEACONSFIELD,60000.0,60000.0,60000.0,60000.0,60000.0,1
BEACONSFIELD (ALEXANDRIA),124000.0,124000.0,124000.0,124000.0,124000.0,1
BEAUTY POINT,356000.0,524250.0,642750.0,765000.0,1350000.0,18
BEECROFT,0.0,225000.0,280500.0,362750.0,825000.0,180
BEGA,5000.0,79000.0,91275.0,110000.0,220000.0,96
BELFIELD,65000.0,144000.0,164500.0,182500.0,400000.0,111
BELLBIRD,16000.0,36000.0,64000.0,100750.0,1075000.0,42
BELLEVUE HILL,21800.0,173750.0,300000.0,642500.0,5150000.0,196
BELLINGEN,17000.0,50000.0,88000.0,112000.0,242000.0,61
BELMONT,38000.0,91500.0,108500.0,142000.0,865000.0,109
BELMONT NORTH,25000.0,100000.0,118500.0,139000.0,490000.0,93
BELMONT SOUTH,58500.0,100625.0,112750.0,129850.0,585000.0,18
BELMORE,70000.0,110000.0,140000.0,171500.0,859000.0,181
BELONGIE,110000.0,110000.0,110000.0,110000.0,110000.0,1
BELONGIL,52000.0,90000.0,112000.0,121500.0,190000.0,35
BELROSE,120000.0,247500.0,270000.0,327000.0,416000.0,45
BEMBOKA,4000.0,11000.0,40000.0,68750.0,97000.0,11
BENSVILLE,35000.0,70000.0,122350.0,146875.0,215000.0,40
BERALA,52500.0,103500.0,124500.0,151125.0,408000.0,90
BERESFIELD,25000.0,80750.0,92750.0,105500.0,140000.0,40
BERKELEY VALE,7000.0,103000.0,124000.0,146500.0,4000000.0,183
BERMAGUI,32000.0,59500.0,87000.0,115600.0,300000.0,70
BEROWRA,80000.0,125000.0,180000.0,213750.0,285000.0,110
BEROWRA HEIGHTS,0.0,175000.0,185000.0,205000.0,310000.0,111
BEROWRA WATERS,60000.0,249700.0,315000.0,322500.0,330000.0,7
BERRARA,28333.0,53750.0,87500.0,106000.0,133000.0,19
BERRIDALE,18000.0,64000.0,81000.0,95000.0,128000.0,5
BERRIMA,60000.0,75000.0,130000.0,170000.0,170000.0,9
BERRINGER LAKE,155000.0,155000.0,155000.0,155000.0,155000.0,1
BERRY,0.0,96250.0,130000.0,175000.0,455000.0,43
BERRYS BAY,173000.0,177250.0,181500.0,185750.0,190000.0,2
BEVERLEY HILLS,213500.0,213500.0,213500.0,213500.0,213500.0,1
BEVERLEY PARK,200000.0,226250.0,265000.0,282500.0,385000.0,15
BEVERLY HILLS,71250.0,160200.0,186000.0,218000.0,400000.0,141
BEXLEY,11.0,139250.0,169950.0,191750.0,1430000.0,323
BEXLEY NORTH,0.0,170125.0,189000.0,220250.0,318000.0,38
BIBBENLUKE,3000.0,3000.0,3000.0,16500.0,30000.0,3
BIDWILL,85000.0,100000.0,115000.0,115000.0,116000.0,6
BILAMBIL,55000.0,59500.0,64250.0,142500.0,155000.0,8
BILAMBIL HEIGHTS,17000.0,58000.0,94000.0,132000.0,1800000.0,66
BILGOLA,60000.0,230000.0,270000.0,282000.0,360000.0,17
BILLINUDGEL,11600.0,11600.0,11600.0,11600.0,11600.0,1
BILPIN,37000.0,37000.0,37000.0,37000.0,37000.0,1
BIRCHGROVE,118000.0,196500.0,300000.0,618750.0,1350000.0,23
BIRMINGHAM GARDENS,0.0,83000.0,101000.0,116500.0,300000.0,51
BIRRONG,120000.0,130125.0,150000.0,161000.0,187500.0,35
BISHOPS BRIDGE,65000.0,65000.0,65000.0,65000.0,65000.0,1
BLACK HILL,450000.0,537500.0,625000.0,712500.0,800000.0,2
BLACKALLS PARK,0.0,88750.0,103000.0,123000.0,210000.0,79
BLACKBUTT,48500.0,62000.0,67000.0,74000.0,180000.0,193
BLACKETT,35000.0,77000.0,82000.0,88625.0,120000.0,46
BLACKHEAT,120000.0,120000.0,120000.0,120000.0,120000.0,1
BLACKHEATH,3000.0,33000.0,90000.0,117000.0,726000.0,293
BLACKSMITHS,0.0,0.0,95000.0,125000.0,248500.0,37
BLACKTOWN,0.0,105000.0,119000.0,130000.0,1270000.0,815
BLACKWALL,92000.0,115000.0,125000.0,138000.0,518000.0,37
BLAIRMOUNT,47000.0,95000.0,143000.0,154500.0,166000.0,3
BLAKEHURST,144.0,227000.0,290500.0,347625.0,1200000.0,120
BLAXLAND,25000.0,105750.0,130000.0,166500.0,1215000.0,190
BLIGH PARK,28750.0,57000.0,68000.0,120000.0,207000.0,393
BLUE BAY,82000.0,129250.0,140000.0,167750.0,899000.0,27
BLUE HAVEN,36000.0,45000.0,94500.0,108000.0,130000.0,82
BLUES POINT,675000.0,717500.0,760000.0,1005000.0,1250000.0,3
BOAMBEE,4000.0,40000.0,47750.0,122000.0,205000.0,191
BOAT HARBOUR,54000.0,83500.0,151000.0,172500.0,186000.0,7
BODALLA,43500.0,61000.0,66500.0,70000.0,103000.0,10
BOGANGAR,37500.0,53500.0,89000.0,128000.0,215000.0,88
BOGGABRI,1000.0,24905.0,54000.0,65625.0,100000.0,20
BOLTON POINT,0.0,31000.0,88500.0,149375.0,300000.0,42
BOLWARRA,40000.0,139000.0,160000.0,195000.0,333000.0,29
BOLWARRA HEIGHTS,40000.0,61750.0,176250.0,202000.0,262500.0,10
BOMADERRY,0.0,55000.0,96000.0,118700.0,310000.0,267
BOMBALA,100.0,27500.0,53500.0,75375.0,80000.0,22
BOMBO,130000.0,130000.0,130000.0,130000.0,130000.0,1
BONDI,1.0,142000.0,187000.0,260000.0,3150000.0,725
BONDI BEACH,95500.0,152250.0,200000.0,280000.0,840000.0,84
BONDI JUNCTION,5720.0,191500.0,250000.0,352500.0,11333333.0,232
BONDI NORTH,127500.0,135875.0,144250.0,152625.0,161000.0,2
BONDI NTH,100000.0,118750.0,137500.0,156250.0,175000.0,2
BONNELLS BAY,0.0,53000.0,87000.0,119250.0,225000.0,99
BONNET BAY,0.0,231250.0,245000.0,298000.0,455000.0,42
BONNETT BAY,388000.0,388000.0,388000.0,388000.0,388000.0,1
BONNY HILLS,43000.0,55237.5,89500.0,142250.0,165000.0,22
BONNYRIGG,24666.0,74125.0,123500.0,142000.0,360000.0,170
BONNYRIGG HEIGHTS,24666.0,53333.0,82000.0,123000.0,164000.0,3
BONVILLE,300000.0,300000.0,300000.0,300000.0,300000.0,1
BOOKER BAY,93.0,117250.0,129000.0,169750.0,360000.0,31
BOOLAROO,0.0,84000.0,96500.0,114625.0,291000.0,54
BOORAGUL,0.0,33000.0,78500.0,97000.0,165000.0,55
BOOROWA,18000.0,20875.0,23750.0,26625.0,29500.0,2
BOREE CREEK,800.0,5025.0,15250.0,38750.0,78000.0,6
BORONIA PARK,245000.0,252500.0,260000.0,392500.0,525000.0,3
BOSSLEY PARK,1000.0,136000.0,154000.0,185000.0,1850000.0,141
BOTANY,0.0,117300.0,146250.0,177500.0,10310000.0,110
BOURKELANDS,21500.0,42500.0,115000.0,157000.0,180000.0,49
BOW BOWING,25000.0,64950.0,126225.0,137087.5,180000.0,60
BOWEN MOUNTAIN,15000.0,43000.0,100000.0,165000.0,190000.0,37
BOWRAL,6610.0,67750.0,135500.0,185000.0,700000.0,90
BOWRAVILLE,19000.0,19000.0,19000.0,19000.0,19000.0,1
BOX HILL,232500.0,232500.0,232500.0,232500.0,232500.0,1
BRADBURY,25000.0,104814.25,120250.0,137250.0,215000.0,164
BRANXTON,15000.0,40000.0,77000.0,87000.0,170000.0,36
BRAY PARK,40000.0,46500.0,49500.0,105000.0,122000.0,9
BRENDA,8000.0,8000.0,8000.0,8000.0,8000.0,1
BREWARRINA,10000.0,30000.0,50000.0,74375.0,98750.0,3
BRIGHTON LE SANDS,68000.0,190000.0,215000.0,237500.0,247000.0,9
BRIGHTON-LE-SANDS,0.0,140000.0,172000.0,214000.0,730000.0,198
BRIGHTWATERS,0.0,47250.0,117000.0,157625.0,450000.0,30
BROADMEADOW,0.0,74625.0,99750.0,125750.0,300000.0,54
BROKEN HEAD,142500.0,183000.0,223500.0,486750.0,750000.0,3
BROKEN HILL,0.0,16000.0,28000.0,50000.0,190000.0,546
BRONTE,160.0,149250.0,206000.0,329750.0,850000.0,30
BROOKLYN,0.0,109500.0,120000.0,150000.0,255000.0,13
BROOKVALE,123500.0,157500.0,200750.0,226000.0,235000.0,10
BROOMS HEAD,70000.0,70000.0,70000.0,70000.0,70000.0,1
BROULEE,38000.0,52000.0,98000.0,139000.0,370000.0,109
BROWNSVILLE,84000.0,103750.0,132500.0,157500.0,350000.0,8
BRUNGLE,1411.0,1411.0,1411.0,1411.0,1411.0,2
BRUNSWICK HEADS,29500.0,85625.0,107500.0,125000.0,385000.0,38
BRUSHGROVE,70000.0,97500.0,125000.0,152500.0,180000.0,2
BUDGEWOI,25000.0,88750.0,110000.0,132750.0,10100000.0,140
BUFF POINT,46000.0,84250.0,120000.0,156500.0,582500.0,126
BULLABURRA,10000.0,68000.0,92200.0,124000.0,230000.0,41
BULLI,0.0,45625.0,132500.0,148500.0,654000.0,40
BUNDANOON,26000.0,41250.0,68500.0,117500.0,200000.0,22
BUNDEENA,90000.0,140000.0,160000.0,189900.0,455000.0,37
BUNNAN,4000.0,4000.0,4000.0,9500.0,15000.0,3
BURONGA,20000.0,54000.0,79000.0,87000.0,130000.0,30
BURRADOO,1000.0,203750.0,297000.0,356250.0,800000.0,24
BURRANEER,270000.0,395000.0,567500.0,735000.0,1600000.0,26
BURRILL LAKE,0.0,43500.0,89000.0,133500.0,187500.0,44
BURRINGBAH,98000.0,98000.0,98000.0,98000.0,98000.0,1
BURRINGBAR,98000.0,104000.0,110000.0,116000.0,122000.0,2
BURWOOD,0.0,158500.0,195000.0,270625.0,1100000.0,204
BUSBY,200.0,99750.0,106500.0,114000.0,135000.0,48
BUTTABA,0.0,40000.0,87500.0,126000.0,187500.0,29
BUXTON,25000.0,41500.0,99500.0,119000.0,145000.0,20
BYRON BAY,29500.0,106250.0,151000.0,195000.0,1450000.0,126
CABARITA,0.0,243500.0,255000.0,285000.0,665000.0,21
CABRAMATTA,1860.0,83000.0,102000.0,130000.0,560000.0,322
CABRAMATTA WEST,91300.0,119000.0,126000.0,148000.0,1280000.0,11
CALALA,29500.0,31562.5,46750.0,58000.0,58000.0,6
CALLAGHAN,131000.0,131000.0,131000.0,131000.0,131000.0,1
CALLALA BAY,0.0,33500.0,39000.0,47500.0,230000.0,122
CALLALA BEACH,0.0,59250.0,87145.0,131000.0,425000.0,40
CAMBEWARRA,0.0,43000.0,65000.0,137000.0,239000.0,49
CAMBRIDGE GARDENS,133760.0,133760.0,133760.0,133760.0,133760.0,1
CAMBRIDGE PARK,63750.0,108125.0,119725.0,125775.0,170000.0,126
CAMDEN,31750.0,108000.0,130000.0,146125.0,265000.0,106
CAMDEN HAVEN,37500.0,40000.0,47000.0,126000.0,160000.0,15
CAMDEN SOUTH,64000.0,124000.0,137000.0,184000.0,286000.0,103
CAMMERAY,0.0,178500.0,235000.0,335000.0,2010000.0,229
CAMPBELLTOWN,51000.0,102000.0,113000.0,130000.0,1119500.0,233
CAMPERDOWN,70000.0,161750.0,185000.0,205250.0,1300000.0,96
CAMPSIE,4450.0,108000.0,125500.0,162500.0,1116000.0,405
CANADA BAY,155000.0,162500.0,175000.0,188750.0,200000.0,4
CANDELO,10000.0,20000.0,61000.0,72000.0,100000.0,11
CANLEY HEIGHTS,72500.0,118250.0,128000.0,139125.0,280000.0,30
CANLEY VALE,5000.0,93000.0,114250.0,132250.0,1200000.0,172
CANTERBURY,75000.0,120000.0,150000.0,180000.0,515000.0,101
CANTON BEACH,60000.0,101250.0,119000.0,138500.0,185000.0,4
CARAVAN HEAD,162000.0,268500.0,375000.0,375000.0,375000.0,3
CARDIFF,0.0,55000.0,92500.0,110000.0,269000.0,209
CARDIFF HEIGHTS,0.0,110375.0,122000.0,181250.0,1500000.0,38
CARDIFF SOUTH,0.0,56750.0,103500.0,118237.5,185000.0,92
CAREY BAY,0.0,101312.5,173750.0,198125.0,320000.0,10
CARINGBAH,729.0,180000.0,230000.0,285000.0,2250000.0,474
CARLINGFORD,0.0,195500.0,224500.0,263375.0,550000.0,398
CARLTON,40000.0,145000.0,165000.0,189250.0,18606510.0,270
CARRAMAR,7300.0,75750.0,87000.0,113500.0,1300000.0,47
CARRINGBAH,500000.0,500000.0,500000.0,500000.0,500000.0,1
CARRINGTON,0.0,58000.0,75000.0,91750.0,840000.0,51
CARSS PARK,195000.0,280000.0,285000.0,301250.0,322000.0,6
CARTWRIGHT,10850.0,93000.0,100000.0,105500.0,129000.0,16
CASINO,7000.0,69000.0,80500.0,94000.0,1175000.0,177
CASTLE COVE,417500.0,500000.0,625000.0,650000.0,700000.0,8
CASTLE HILL,0.0,180000.0,235000.0,298000.0,1465000.0,819
CASTLECRAG,360000.0,527500.0,660000.0,760750.0,2325000.0,11
CASTLEHILL,295000.0,295000.0,295000.0,295000.0,295000.0,1
CASULA,70000.0,84000.0,104000.0,148750.0,750000.0,250
CATHERINE HILL BAY,0.0,92250.0,105000.0,109000.0,118000.0,8
CAVES BEACH,0.0,70000.0,84500.0,135000.0,315000.0,129
CENTENNIAL PARK,114.0,127000.0,198000.0,230000.0,2200000.0,69
CENTRAL TILBA,80000.0,80000.0,80000.0,80000.0,80000.0,4
CESSNOCK,1147.0,60000.0,75000.0,92000.0,470000.0,261
CHAIN VALLEY BAY,30000.0,42000.0,86000.0,105000.0,170000.0,105
CHARLESTOWN,0.0,56000.0,108000.0,132500.0,546000.0,345
CHARMHAVEN,21000.0,86250.0,104500.0,123500.0,400000.0,98
CHATSWOOD,0.0,211500.0,280000.0,342000.0,2480000.0,140
CHATSWOOD WEST,0.0,195000.0,242000.0,337500.0,382000.0,11
CHEERO POINT,185000.0,185000.0,185000.0,185000.0,185000.0,1
CHELTENHAM,0.0,207500.0,260000.0,375500.0,500000.0,35
CHERRYBROOK,60000.0,210750.0,267000.0,300000.0,1100000.0,400
CHESTER HILL,85000.0,135000.0,145000.0,164000.0,235000.0,81
CHIFLEY,21000.0,190125.0,205000.0,220000.0,420000.0,72
CHILLINGHAM,60000.0,92500.0,125000.0,125000.0,125000.0,3
CHINDERAH,85000.0,97750.0,104000.0,109500.0,120000.0,4
CHIPPENDALE,0.0,160500.0,195750.0,242500.0,2400000.0,58
CHIPPING NORTON,67000.0,138000.0,152500.0,208125.0,322500.0,159
CHISWICK,72500.0,180750.0,191000.0,221000.0,750000.0,49
CHITTAWAY BAY,42000.0,57250.0,106000.0,128875.0,197000.0,72
CHITTAWAY POINT,17055.0,80000.0,110000.0,132750.0,197000.0,35
CHULLORA,127000.0,134000.0,141000.0,161500.0,270000.0,11
CHURCH POINT,290000.0,373125.0,405500.0,486750.0,650000.0,10
CLAREMONT MEADOWS,53000.0,65253.0,77506.0,95253.0,113000.0,3
CLARENCE TOWN,18000.0,25000.0,36500.0,88250.0,141000.0,43
CLARENCETOWN,20000.0,20000.0,20000.0,20000.0,20000.0,1
CLAREVILLE,1070.0,300000.0,367500.0,393750.0,1310000.0,6
CLAYMORE,50000.0,118700.0,122000.0,127000.0,152500.0,19
CLIFTON,0.0,10500.0,21000.0,31500.0,42000.0,2
CLIFTON GARDENS,46000.0,402500.0,710000.0,865000.0,1950000.0,11
CLONTARF,0.0,450500.0,545000.0,686000.0,1700000.0,35
CLOVELLY,90000.0,167500.0,247500.0,307500.0,660000.0,99
CLUNES,42500.0,143750.0,147500.0,156875.0,185000.0,6
CLYDE,130000.0,258475.0,2317650.0,4982000.0,6926000.0,4
COAL POINT,0.0,100000.0,197500.0,260937.5,430000.0,50
COALCLIFF,58000.0,58000.0,58000.0,58000.0,58000.0,1
COBAR,0.0,40000.0,63500.0,80000.0,220000.0,104
COBARGO,13000.0,53000.0,75000.0,103000.0,270000.0,13
COFFS HARBOUR,0.0,69000.0,103000.0,135000.0,1750001.0,692
COLEAMBALLY,5000.0,40000.0,55000.0,82500.0,85000.0,9
COLEDALE,0.0,32000.0,106000.0,142500.0,179000.0,16
COLLAROY,0.0,171250.0,215000.0,272500.0,520000.0,99
COLLAROY BEACH,280000.0,280000.0,280000.0,280000.0,280000.0,1
COLLAROY PLATEAU,54000.0,217000.0,236750.0,265000.0,415000.0,80
COLLIE,950.0,950.0,950.0,950.0,950.0,1
COLO,41000.0,68125.0,102500.0,136125.0,230000.0,8
COLO VALE,67500.0,67500.0,67500.0,67500.0,67500.0,1
COLYTON,60000.0,76500.0,125950.0,135950.0,185000.0,32
COMO,110000.0,170000.0,200000.0,211500.0,420000.0,66
COMO WEST,155000.0,172000.0,175000.0,183000.0,307000.0,7
CONCORD,0.0,147750.0,200000.0,247000.0,680000.0,334
CONCORD WEST,0.0,134250.0,205000.0,253000.0,2400000.0,91
CONDELL PARK,56667.0,147500.0,169975.0,197500.0,340000.0,104
CONDONG,42000.0,90125.0,102500.0,114500.0,150000.0,8
CONGO,38000.0,38000.0,52000.0,89000.0,135000.0,8
CONISTON,0.0,18750.0,96250.0,134250.0,283395.0,30
CONNELLS POINT,0.0,280000.0,435000.0,635000.0,1400000.0,29
COOGEE,13500.0,151250.0,189000.0,268750.0,1250000.0,438
COOKS HILL,0.0,114375.0,140750.0,166500.0,520000.0,160
COOLAH,0.0,0.0,0.0,8000.0,32000.0,4
COOLAMON,8500.0,25312.5,71250.0,90750.0,145000.0,10
COOMA,7500.0,53000.0,66000.0,92500.0,7900000.0,185
COONABARABRAN,7000.0,40000.0,57500.0,94000.0,157500.0,77
COONAMBLE,100.0,22250.0,47000.0,56000.0,90000.0,59
COORABELL,42500.0,42500.0,42500.0,42500.0,42500.0,1
COORANBONG,5100.0,49000.0,88750.0,100250.0,172500.0,72
COOTAMUNDRA,0.0,0.0,62500.0,75000.0,172500.0,45
COPACABANA,0.0,120000.0,152000.0,185000.0,330000.0,93
CORAKI,18800.0,19000.0,85000.0,90000.0,150000.0,5
CORAMBA,84000.0,90000.0,91000.0,98500.0,110000.0,5
CORDEAUX HEIGHTS,0.0,69000.0,93200.0,152000.0,290000.0,49
CORLETTE,60000.0,107500.0,155000.0,192500.0,430000.0,23
COROWA,3000.0,32000.0,81875.0,110000.0,665000.0,176
CORRIMAL,0.0,78500.0,125000.0,138000.0,375000.0,139
COTTAGE POINT,930000.0,930000.0,930000.0,930000.0,930000.0,1
COWAN,75000.0,117500.0,165750.0,182750.0,215000.0,18
COWRA,500.0,30750.0,69000.0,90700.0,15200000.0,128
CRANEBROOK,114.0,98450.0,117000.0,124975.0,1180000.0,315
CREMORNE,0.0,206500.0,275000.0,400000.0,2420000.0,534
CREMORNE POINT,122000.0,184000.0,277000.0,407500.0,2200000.0,61
CRESCENT HEAD,0.0,43625.0,88500.0,122500.0,210000.0,52
CRINGILA,0.0,0.0,57000.0,76250.0,87000.0,18
CROMER,63000.0,158251.25,230000.0,296500.0,420000.0,74
CROMER HEIGHTS,390000.0,390000.0,390000.0,390000.0,390000.0,1
CRONULLA,0.0,138500.0,175000.0,255000.0,2375000.0,683
CROOKHAVEN HEADS,75000.0,84000.0,88500.0,96250.0,115000.0,4
CROOKWELL,16275.0,54000.0,72000.0,85000.0,135000.0,41
CROUDACE BAY,0.0,105000.0,123500.0,158000.0,205000.0,17
CROWS NEST,0.0,189850.0,255000.0,275500.0,470000.0,195
CROYDON,0.0,134000.0,169500.0,220000.0,560000.0,190
CROYDON PARK,4500.0,129250.0,162750.0,197000.0,450000.0,190
CROYDON PK,137500.0,137500.0,137500.0,137500.0,137500.0,1
CUDGEN,22500.0,99000.0,111000.0,119000.0,195000.0,22
CUDGERA CREEK,78500.0,78500.0,78500.0,78500.0,78500.0,1
CUDMIRRAH,0.0,36000.0,44000.0,49000.0,100000.0,9
CULBURRA,0.0,76500.0,109900.0,130000.0,325000.0,159
CUNDLETOWN,3000.0,77000.0,94000.0,118000.0,165000.0,23
CUNJURONG,0.0,0.25,0.5,0.75,1.0,2
CURL CURL,145000.0,216000.0,232500.0,268750.0,538000.0,28
CURRAMBENE,33500.0,38250.0,59250.0,104500.0,165000.0,18
CURRANS HILL,45000.0,52000.0,54000.0,56375.0,5200000.0,126
CURRARONG,0.0,75000.0,115000.0,130000.0,215000.0,29
DACEYVILLE,0.0,57750.0,115500.0,173250.0,231000.0,2
DALEYS POINT,80000.0,109250.0,180000.0,225000.0,625000.0,23
DALMENY,1.0,35000.0,72000.0,111500.0,555000.0,109
DALTON,110000.0,110000.0,110000.0,110000.0,110000.0,1
DANGAR ISLAND,60000.0,143000.0,200000.0,222500.0,390000.0,15
DAPTO,0.0,66625.0,105000.0,129950.0,854000.0,182
DARETON,19250.0,45000.0,58000.0,73000.0,111000.0,13
DARLING POINT,100000.0,260000.0,415000.0,874250.0,2500000.0,132
DARLINGHURST,7000.0,99250.0,181750.0,262875.0,5250000.0,302
DARLINGTON,99000.0,107000.0,161000.0,172000.0,306000.0,5
DARLINGTON POINT,50000.0,50000.0,50000.0,50000.0,50000.0,1
DAVIDSON,45000.0,281875.0,311500.0,367625.0,485000.0,26
DAVISTOWN,37500.0,94000.0,115000.0,143000.0,387000.0,63
DEAN PARK,60000.0,105000.0,114500.0,119000.0,128000.0,35
DEE WHY,0.0,129950.0,155000.0,200000.0,9000000.0,381
DELEGATE,42000.0,45750.0,47000.0,47000.0,47000.0,4
DENILIQUIN,79.0,63250.0,80000.0,90500.0,770000.0,335
DENISTONE,87000.0,209750.0,246250.0,280000.0,340000.0,52
DENISTONE EAST,206000.0,221250.0,229000.0,242000.0,246000.0,6
DENISTONE WEST,211000.0,224000.0,237000.0,253500.0,270000.0,3
DENMAN,6000.0,13000.0,26014.0,56000.0,160000.0,45
DHARRUK,17600.0,83500.0,98250.0,115250.0,136500.0,32
DOLANS BAY,215000.0,253000.0,290000.0,425000.0,565000.0,15
DOLLS POINT,108000.0,159000.0,168250.0,206625.0,480000.0,36
DOLPHIN POINT,0.0,0.0,85000.0,225000.0,235000.0,9
DOONSIDE,7000.0,105000.0,117500.0,133750.0,391654.0,170
DORA CREEK,0.0,61125.0,87500.0,131250.0,340000.0,56
DOUBLE BAY,20000.0,200000.0,285000.0,490000.0,1560000.0,111
DOUGLAS PARK,100000.0,101000.0,102000.0,136750.0,172000.0,7
DOVER HEIGHTS,58333.0,407375.0,542500.0,716250.0,5552000.0,42
DOYALSON,35000.0,38000.0,43000.0,75000.0,97750.0,9
DRUMMOYNE,15000.0,185000.0,240000.0,317500.0,2751000.0,325
DUBBO,33.0,51000.0,93000.0,116000.0,13500000.0,1219
DUDLEY,0.0,86250.0,121500.0,163250.0,24000000.0,42
DULWICH HILL,15000.0,114000.0,137000.0,179400.0,11650000.0,315
DUNBOGAN,43500.0,89750.0,139000.0,157750.0,191000.0,12
DUNDAS,0.0,150250.0,171500.0,187875.0,660000.0,334
DUNDAS VALLEY,0.0,155000.0,167000.0,206000.0,306000.0,103
DUNEDOO,0.0,2500.0,5000.0,7500.0,10000.0,2
DUNGOG,15500.0,30480.0,76000.0,90000.0,167500.0,55
DUNOON,34000.0,98500.0,120000.0,128750.0,155000.0,4
DURAL,82500.0,160000.0,173000.0,272750.0,2050000.0,83
DURRAS,38500.0,94000.0,105000.0,138750.0,185000.0,26
DURRAS SOUTH,18500.0,88750.0,105000.0,143750.0,185000.0,14
DUTCHMANS BAY,95000.0,96875.0,111750.0,129250.0,139000.0,4
EAGLE VALE,27000.0,53000.0,106000.0,120375.0,225000.0,250
EAGLEVALE,52000.0,87962.5,102475.0,105000.0,105000.0,4
EARLWOOD,0.0,170000.0,203000.0,246000.0,20500000.0,261
EAST BALLINA,67000.0,122500.0,154500.0,178000.0,275000.0,173
EAST BOTANY,160000.0,192500.0,220000.0,235000.0,301000.0,23
EAST GORDON,330000.0,378750.0,427500.0,476250.0,525000.0,2
EAST GOSFORD,0.0,119250.0,142500.0,165000.0,1100000.0,102
EAST GRESFORD,32000.0,49750.0,67500.0,85250.0,103000.0,2
EAST HILLS,125000.0,154250.0,165500.0,210000.0,570000.0,32
EAST KILLARA,46000.0,372750.0,456000.0,560000.0,1280000.0,38
EAST KURRAJONG,280000.0,280000.0,280000.0,280000.0,280000.0,1
EAST LINDFIELD,27000.0,362500.0,397500.0,538750.0,1260000.0,22
EAST LISMORE,117000.0,117000.0,117000.0,117000.0,117000.0,1
EAST MAITLAND,114.0,90000.0,110000.0,127000.0,342000.0,180
EAST NOWRA,0.0,40000.0,81000.0,102000.0,165000.0,71
EAST ROSEVILLE,325000.0,394500.0,412000.0,517500.0,1570000.0,19
EAST RYDE,135000.0,236750.0,260000.0,327375.0,426000.0,22
EAST SYDNEY,6500.0,149500.0,200000.0,260500.0,1250000.0,64
EAST WAHROONGA,271000.0,328000.0,385000.0,387500.0,390000.0,3
EASTERN CREEK,47500.0,108737.5,115500.0,118125.0,143000.0,10
EASTLAKES,55000.0,118000.0,127000.0,195000.0,3303000.0,113
EASTWOOD,1.0,155000.0,197750.0,270000.0,27500000.0,580
EBENEZER,80000.0,88125.0,112500.0,118125.0,155000.0,6
EDEN,30000.0,82000.0,102500.0,147500.0,1000000.0,84
EDENSOR PARK,14500.0,90000.0,150000.0,190000.0,300000.0,117
EDGECLIFF,95500.0,150000.0,215000.0,343750.0,1200000.0,74
EDGEWORTH,0.0,53000.0,100000.0,114000.0,580000.0,192
ELANORA HEIGHTS,0.0,239000.0,273000.0,315000.0,765000.0,11
ELDERSLIE,4900.0,63000.0,67500.0,131250.0,630000.0,98
ELEEBANA,0.0,83625.0,166000.0,200000.0,1070000.0,142
ELERMORE VALE,0.0,95000.0,118000.0,137500.0,305000.0,145
ELIZABETH BAY,20000.0,100875.0,130000.0,178750.0,3700000.0,102
ELIZABETH BAY (POTTS POINT),12000.0,90500.0,122000.0,186750.0,15300000.0,79
ELLALONG,24000.0,31375.0,65250.0,137000.0,150000.0,6
ELVINA BAY,1000000.0,1000000.0,1000000.0,1000000.0,1000000.0,1
EMERALD BEACH,34000.0,87000.0,105000.0,132125.0,1700001.0,48
EMERTON,10800.0,78000.0,88000.0,107000.0,120000.0,27
EMMAVILLE,38000.0,95000.0,116000.0,116000.0,125000.0,5
EMPIRE BAY,0.0,81000.0,126000.0,142000.0,250000.0,37
EMU PLAINS,15.0,123100.0,137200.0,170000.0,320000.0,267
ENFIELD,95000.0,156000.0,179000.0,253625.0,770000.0,88
ENGADINE,60000.0,170000.0,185000.0,205000.0,2000100.0,298
ENMORE,67500.0,152125.0,170000.0,199250.0,315000.0,54
ENMORE (NEWTOWN),113000.0,146250.0,179500.0,212750.0,246000.0,2
EPPING,0.0,180000.0,225000.0,280000.0,1511155100.0,526
ERINA,0.0,76872.5,103250.0,135625.0,253000.0,80
ERINA HEIGHTS,253000.0,253000.0,253000.0,253000.0,253000.0,1
ERMINGTON,0.0,144625.0,160000.0,175500.0,340000.0,148
EROWAL BAY,0.0,31250.0,42250.0,84375.0,171500.0,30
ERSKINE PARK,15730.0,117475.0,130000.0,154975.0,750000.0,359
ERSKINEVILLE,51000.0,126250.0,153000.0,174750.0,360000.0,138
ESCHOL PARK,41000.0,105000.0,110625.0,126500.0,580000.0,56
ESTELLA,3700.0,30000.0,35000.0,105125.0,153000.0,104
ESTELVILLE,85000.0,85000.0,85000.0,85000.0,85000.0,1
ETTALONG,82532.0,114250.0,122500.0,166250.0,390000.0,22
ETTALONG BEACH,0.0,110000.0,130000.0,155000.0,1620000.0,145
EUROBODALLA,69000.0,69000.0,69000.0,69000.0,69000.0,1
EVANS HEAD,90000.0,90000.0,116250.0,157500.0,220000.0,12
EXETER,43000.0,43000.0,43000.0,43000.0,43000.0,1
FAIRFIELD,11500.0,95000.0,120000.0,142000.0,625000.0,248
FAIRFIELD EAST,115000.0,115000.0,115000.0,115000.0,115000.0,1
FAIRFIELD HEIGHTS,113000.0,144000.0,144000.0,153000.0,159000.0,5
FAIRFIELD WEST,24600.0,117750.0,125000.0,136875.0,234000.0,66
FAIRLIGHT,0.0,175000.0,230000.0,315000.0,45500000.0,281
FAIRY MEADOW,0.0,0.0,81000.0,138250.0,686000.0,95
FARLEY,90000.0,90000.0,90000.0,90000.0,90000.0,1
FARMBOROUGH HEIGHTS,0.0,43750.0,117000.0,142000.0,3800000.0,31
FASSIFERN,0.0,60000.0,110000.0,125000.0,210000.0,13
FAULCONBRIDGE,1500.0,93250.0,122000.0,146000.0,460000.0,124
FEDERAL,40000.0,41875.0,42750.0,44500.0,49000.0,4
FENNELL BAY,0.0,51250.0,89250.0,100725.0,180000.0,38
FERN BAY,51500.0,95000.0,100000.0,115000.0,147000.0,9
FERNHILL,90000.0,103750.0,117500.0,123250.0,129000.0,3
FIGTREE,0.0,0.0,133000.0,165000.0,315000.0,93
FINGAL,75000.0,118500.0,135000.0,161250.0,270000.0,16
FINGAL BAY,59000.0,81335.0,105250.0,168875.0,332000.0,84
FINGAL HEAD,79500.0,103875.0,116000.0,126750.0,147000.0,4
FISHERMAN BAY,255000.0,255000.0,255000.0,255000.0,255000.0,1
FISHERMANS PARADISE,0.0,0.0,0.0,0.0,0.0,2
FISHING POINT,0.0,66000.0,125500.0,148375.0,275000.0,34
FIVE DOCK,1114.0,175000.0,215000.0,265000.0,2000000.0,397
FIVEDOCK,157500.0,176062.5,182400.0,216412.5,318000.0,4
FLEMINGTON,70000.0,77500.0,85000.0,92500.0,100000.0,2
FLINDERS,54000.0,59000.0,60000.0,60000.0,200000.0,9
FLORAVILLE,0.0,62375.0,66000.0,109000.0,350000.0,63
FORBES,0.0,45000.0,67000.0,85000.0,215000.0,183
FOREST HILL,21000.0,26187.5,94000.0,98000.0,205000.0,50
FOREST LODGE,55000.0,166250.0,221000.0,396250.0,500000.0,18
FORESTVILLE,0.0,218000.0,246000.0,281000.0,1000000.0,71
FORRESTERS BEACH,0.0,84500.0,127500.0,171500.0,464000.0,72
FORSTER,22500.0,85000.0,128000.0,163500.0,720000.0,205
FOX VALLEY,235000.0,258750.0,282500.0,306250.0,330000.0,2
FREDERICKTON,0.0,0.0,0.0,0.0,0.0,33
FREEMANS REACH,52500.0,98500.0,118000.0,142500.0,172000.0,23
FRENCHS FOREST,7750.0,225500.0,261000.0,305000.0,610000.0,143
FULLERS BRIDGE,255000.0,255000.0,255000.0,255000.0,255000.0,1
GALSTON,67500.0,173000.0,200000.0,212500.0,255000.0,29
GANMAIN,4400.0,4400.0,4400.0,4400.0,4400.0,1
GARDEN SUBURB,0.0,50000.0,125000.0,148000.0,189200.0,29
GATESHEAD,0.0,80000.0,92000.0,98000.0,220000.0,49
GEORGES HALL,62100.0,152000.0,176000.0,205000.0,340000.0,97
GEORGETOWN,0.0,85000.0,102500.0,112000.0,220000.0,61
GERRINGONG,42250.0,74000.0,124000.0,156500.0,240000.0,63
GERROA,73500.0,105000.0,137500.0,177500.0,285000.0,15
GILGANDRA,35000.0,35600.0,65500.0,70000.0,104000.0,5
GILLIESTON HEIGHTS,28000.0,85000.0,92000.0,93200.0,157500.0,13
GIRRAWEEN,80000.0,130000.0,143500.0,165000.0,210000.0,20
GLADESVILLE,0.0,145000.0,189000.0,252000.0,2250000.0,325
GLEBE,2000.0,155875.0,186500.0,270000.0,3100000.0,332
GLEBE POINT,110000.0,157500.0,205000.0,252500.0,300000.0,2
GLEN ALPINE,52000.0,65750.0,81000.0,105000.0,1220000.0,114
GLEN INNES,3000.0,35000.0,60000.0,80000.0,175000.0,155
GLENBROOK,10000.0,116125.0,138450.0,177375.0,1215000.0,100
GLENDALE,0.0,82737.5,104000.0,124375.0,950000.0,78
GLENDENNING,38990.0,57990.0,118450.0,125500.0,650000.0,99
GLENFIELD,50000.0,107900.0,118000.0,144500.0,700000.0,171
GLENFIELD WAGGA WAGGA,28500.0,36500.0,103850.0,114175.0,190000.0,178
GLENHAVEN,60000.0,170000.0,260000.0,320000.0,800000.0,182
GLENMORE PARK,50000.0,73125.0,83750.0,189250.0,20875000.0,146
GLENNING VALLEY,44500.0,54000.0,58000.0,66990.0,495000.0,56
GLENORIE,180000.0,187500.0,202500.0,204000.0,220000.0,5
GLOSSODIA,2000.0,101750.0,117000.0,136375.0,249400.0,76
GLOUCESTER,12500.0,21750.0,58500.0,79250.0,150000.0,39
GOL GOL,20000.0,80000.0,85000.0,92000.0,137105.0,17
GOLDEN BEACH,25000.0,38000.0,55000.0,94000.0,1350000.0,79
GOONELLABAH,4000.0,58000.0,111000.0,136000.0,1170000.0,245
GORDON,0.0,323000.0,380000.0,459375.0,1325000.0,146
GOROKAN,40000.0,85000.0,100000.0,120000.0,9500000.0,285
GOSFORD,1.0,108375.0,130000.0,150000.0,364000.0,88
GOSFORD EAST,96000.0,96000.0,96000.0,96000.0,96000.0,1
GOSFORD WEST,182000.0,182000.0,182000.0,182000.0,182000.0,1
GOULBURN,0.0,62500.0,90000.0,120000.0,370000.0,463
GRAFTON,1000.0,72625.0,88750.0,105000.0,250000.0,226
GRANVILLE,0.0,100000.0,117650.0,133800.0,610000.0,406
GRAYS POINT,18500.0,208500.0,255000.0,318750.0,500000.0,50
GREAT MACKEREL BEACH,60000.0,60000.0,60000.0,60000.0,60000.0,1
GREEN POINT,47000.0,71875.0,137500.0,179962.5,490000.0,204
GREEN VALLEY,7750.0,69987.5,106750.0,132962.5,1700000.0,516
GREENACRE,53000.0,140000.0,155000.0,176000.0,545454.0,305
GREENFIELD PARK,25000.0,129250.0,144000.0,166875.0,650000.0,26
GREENHILLS,0.0,15000.0,78625.0,86875.0,115000.0,12
GREENWELL POINT,0.0,25000.0,76500.0,120000.0,200000.0,48
GREENWICH,165000.0,270625.0,315000.0,415500.0,1280000.0,80
GRESFORD,19000.0,19000.0,22000.0,27500.0,35000.0,4
GRETA,9500.0,19625.0,34500.0,67000.0,155000.0,66
GREYSTANES,0.0,135000.0,150000.0,164000.0,325000.0,86
GRIFFITH,10000.0,68000.0,93750.0,124375.0,465000.0,194
GUERILLA BAY,23500.0,148750.0,202500.0,248750.0,260000.0,8
GUILDFORD,0.0,113000.0,125000.0,140000.0,930000.0,257
GUILDFORD WEST,13.0,122000.0,128000.0,130000.0,153000.0,9
GUILFORD,127000.0,127000.0,127000.0,127000.0,127000.0,1
GULGONG,18000.0,29500.0,78000.0,89000.0,230000.0,61
GUNDAROO,41000.0,54500.0,107000.0,212500.0,385000.0,4
GUNDY,6750.0,10687.5,16000.0,22000.0,28000.0,4
GUNNEDAH,10000.0,73500.0,100000.0,130000.0,930000.0,182
GUNNING,0.0,15000.0,21000.0,45000.0,117000.0,49
GUYRA,0.0,12000.0,37500.0,73000.0,740000.0,45
GWANDALAN,5000.0,47625.0,100000.0,142000.0,306500.0,95
GWYNNEVILLE,0.0,0.0,104000.0,135000.0,260000.0,33
GYMEA,79000.0,156000.0,190000.0,226500.0,650000.0,175
GYMEA BAY,120000.0,199000.0,220000.0,300000.0,560000.0,69
HABERFIELD,77777.0,166500.0,260000.0,338750.0,632500.0,108
HALEKULANI,22500.0,62250.0,107725.0,129750.0,230000.0,46
HALLIDAYS POINT,50140.0,50140.0,100000.0,104000.0,104000.0,5
HAMILTON,0.0,101250.0,125000.0,150000.0,310000.0,163
HAMILTON EAST,0.0,103000.0,158750.0,251500.0,420000.0,26
HAMILTON NORTH,0.0,83750.0,96000.0,110000.0,186000.0,32
HAMILTON SOUTH,0.0,101000.0,168250.0,198750.0,338500.0,66
HAMMONDVILLE,40000.0,110000.0,136500.0,157250.0,187250.0,35
HARBORD,0.0,136000.0,162000.0,217625.0,389000.0,158
HARDYS BAY,60000.0,94750.0,162500.0,187500.0,200000.0,6
HARGRAVE PARK,113500.0,113500.0,113500.0,113500.0,113500.0,1
HARRINGTON,44000.0,78000.0,99000.0,149000.0,795000.0,45
HARRINGTON PARK,105000.0,105000.0,105000.0,105000.0,105000.0,1
HARRIS PARK,0.0,96000.0,107000.0,126000.0,640000.0,173
HASSALL,37000.0,37000.0,37000.0,37000.0,37000.0,1
HASSALL GR,112000.0,112000.0,112000.0,112000.0,112000.0,1
HASSALL GROVE,30000.0,57000.0,100000.0,121375.0,144000.0,126
HASTINGS POINT,120000.0,126250.0,132500.0,201250.0,270000.0,3
HAWKESBURY HEIGHTS,32400.0,47000.0,50000.0,115000.0,182000.0,13
HAWKESBURY RIVER,43000.0,85000.0,96000.0,173000.0,350000.0,5
HAWKS NEST,70000.0,102500.0,139250.0,177000.0,340000.0,48
HAZELBROOK,3000.0,49500.0,105000.0,124000.0,1258000.0,179
HEATHCOTE,184.0,175000.0,188000.0,215500.0,277500.0,83
HEATHERBRAE,84000.0,84000.0,84000.0,84000.0,84000.0,1
HEBERSHAM,58000.0,86650.0,105000.0,112250.0,138000.0,47
HECKENBERG,63000.0,103500.0,115500.0,132250.0,156500.0,34
HEDDON GRETA,23000.0,30000.0,35000.0,85500.0,150000.0,15
HELENSBURGH,0.0,72000.0,135000.0,167000.0,215000.0,61
HENLEY,0.0,0.0,137500.0,330000.0,475000.0,8
HEXHAM,10000.0,10000.0,10000.0,10000.0,10000.0,1
HIGHFIELDS,0.0,53000.0,109000.0,125000.0,179000.0,27
HILL TOP,48500.0,64875.0,81250.0,97625.0,114000.0,2
HILLSBOROUGH,0.0,39087.5,120000.0,137600.0,170000.0,24
HILLSDALE,50951.0,113000.0,127000.0,144000.0,500000.0,105
HILLTOP,5000.0,6000.0,28500.0,51750.0,112000.0,6
HINCHINBROOK,4950.0,69900.0,85000.0,150000.0,1002000.0,167
HINTON,35000.0,35000.0,35000.0,35000.0,35000.0,1
HOLBROOK,650.0,23625.0,50375.0,60000.0,200000.0,36
HOLMESVILLE,0.0,40000.0,103000.0,115000.0,170000.0,37
HOLSWORTHY,113000.0,117000.0,119950.0,127000.0,139950.0,186
HOMEBUSH,0.0,153000.0,190000.0,305000.0,3300000.0,109
HOMEBUSH WEST,30000.0,107500.0,134000.0,189000.0,357500.0,39
HORNSBY,0.0,160000.0,185000.0,213000.0,148575000.0,461
HORNSBY HEIGHTS,52000.0,126000.0,185000.0,220000.0,320000.0,93
HORSESHOE BEND,23000.0,37000.0,51000.0,60500.0,70000.0,3
HORSFIELD BAY,43000.0,74500.0,114200.0,170000.0,245000.0,19
HORSLEY,0.0,0.0,0.0,72500.0,145500.0,7
HOWLONG,10000.0,25000.0,66000.0,82000.0,140000.0,89
HOXTON PARK,20000.0,75000.0,137500.0,180000.0,470000.0,53
HUNTERS HILL,0.0,170000.0,300000.0,510000.0,2650000.0,181
HUNTLEYS POINT,580000.0,580000.0,799000.0,896000.0,1100000.0,5
HURLSTONE PARK,25000.0,127000.0,165000.0,207000.0,1771000.0,69
HURLSTONE PK,123000.0,123500.0,124000.0,150550.0,177100.0,3
HURSTVILLE,5000.0,155000.0,175000.0,210000.0,1810000.0,474
HURSTVILLE GROVE,185000.0,212500.0,232500.0,275000.0,320000.0,25
HURSTVILLE SOUTH,225.0,185000.0,226383.0,325000.0,1400000.0,125
HURSTVILLE STH,130000.0,130000.0,130000.0,130000.0,130000.0,1
HUSKISSON,0.0,73000.0,110000.0,125000.0,430000.0,33
HYLAND PARK,30800.0,35200.0,59350.0,115000.0,133000.0,18
ILLAWONG,15000.0,220000.0,277500.0,336000.0,525832.0,132
ILUKA,5500.0,46000.0,100000.0,124000.0,167000.0,37
INGLEBURN,40000.0,102750.0,120000.0,140000.0,12000000.0,319
INVERELL,145.0,66950.0,80000.0,94075.0,158500.0,228
ISLINGTON,0.0,68000.0,87000.0,105000.0,160250.0,65
IVANHOE,0.0,0.0,0.0,4500.0,9000.0,3
JAMBEROO,50000.0,77000.0,103500.0,163000.0,202500.0,28
JAMISONTOWN,110000.0,119000.0,125500.0,132000.0,177000.0,21
JANNALI,15000.0,150000.0,177000.0,202500.0,390000.0,149
JERRABOMBERRA,10687.0,53000.0,61500.0,116950.0,11095000.0,367
JESMOND,0.0,91750.0,110000.0,131000.0,421990.0,75
JEWELLS,0.0,131000.0,146250.0,173750.0,225000.0,46
JILLIBY,380000.0,380000.0,380000.0,380000.0,380000.0,1
JINDABYNE,22205.0,75375.0,125000.0,131250.0,182000.0,30
JINDERA,23000.0,79500.0,92500.0,115500.0,145000.0,19
KAHIBAH,0.0,51125.0,113000.0,127000.0,230000.0,62
KALARU,118000.0,119750.0,121500.0,123250.0,125000.0,2
KANAHOOKA,0.0,87875.0,123500.0,144500.0,210000.0,30
KANGAROO POINT,290000.0,365000.0,700000.0,980000.0,2350000.0,9
KANGAROO VALLEY,75000.0,75000.0,75000.0,75000.0,75000.0,1
KANWAL,50000.0,72750.0,95000.0,112000.0,700000.0,147
KAREELA,166000.0,184250.0,205000.0,268500.0,445000.0,100
KARIONG,2500.0,63250.0,66000.0,133500.0,6100000.0,427
KARUAH,20000.0,21750.0,39250.0,83875.0,115000.0,20
KATOOMBA,1000.0,48375.0,92500.0,118000.0,1782000.0,400
KEARNS,155.0,60000.0,112500.0,135000.0,205000.0,101
KEARSLEY,15000.0,50000.0,67000.0,77500.0,108000.0,13
KEIRAVILLE,0.0,0.0,65500.0,173125.0,10700000.0,48
KELLYVILLE,3000.0,158000.0,185000.0,214500.0,475000.0,93
KELSO,26000.0,37500.0,62300.0,112000.0,186000.0,65
KEMBLAWARRA,121000.0,126750.0,132500.0,138250.0,144000.0,2
KEMPSEY,0.0,50750.0,75000.0,87875.0,310000.0,232
KENSINGTON,3000.0,164000.0,367000.0,480000.0,1385000.0,271
KENTHURST,140000.0,140500.0,141000.0,172500.0,200000.0,7
KENTLYN,88000.0,91875.0,100000.0,114218.75,116625.0,10
KHANCOBAN,15000.0,35000.0,42750.0,54875.0,600000.0,12
KIAMA,3000.0,69000.0,125000.0,170000.0,336000.0,196
KIAMA DOWNS,30000.0,75000.0,143500.0,179750.0,250000.0,142
KIAMA HEIGHTS,58000.0,86750.0,140500.0,169000.0,285000.0,22
KIANGA,14400.0,40000.0,74000.0,125125.0,217000.0,38
KILABEN BAY,0.0,35000.0,125000.0,175000.0,350000.0,25
KILLARA,0.0,330000.0,425000.0,638500.0,2100000.0,180
KILLARA EAST,400000.0,400000.0,400000.0,400000.0,400000.0,1
KILLARNEY HEIGHTS,120000.0,312500.0,340000.0,397000.0,630000.0,47
KILLARNEY VALE,0.0,97750.0,120500.0,146000.0,300000.0,183
KILLCARE,50000.0,134000.0,200000.0,275500.0,460000.0,32
KILLCARE HEIGHTS,110000.0,160250.0,201250.0,209000.0,337500.0,10
KILLINGWORTH,0.0,94950.0,109000.0,123000.0,195000.0,21
KINCUMBER,16000.0,100500.0,133000.0,162000.0,260000.0,156
KINCUMBER SOUTH,140000.0,142500.0,145000.0,147500.0,150000.0,2
KINGS CROSS,2012.0,85000.0,105000.0,160000.0,23800000.0,242
KINGS LANGLEY,27300.0,169000.0,186000.0,218000.0,330000.0,117
KINGS PARK,51150.0,66000.0,124000.0,145000.0,185000.0,105
KINGS POINT,0.0,35250.0,60000.0,82000.0,127500.0,27
KINGSCLIFF,59000.0,111250.0,129000.0,149250.0,294000.0,82
KINGSFORD,60000.0,160500.0,225000.0,281500.0,30000000.0,255
KINGSGROVE,60000.0,170000.0,200000.0,231000.0,13900000.0,138
KINGSTON ACT,190000.0,190000.0,190000.0,190000.0,190000.0,1
KINGSWOOD,500.0,92000.0,110000.0,127500.0,989500.0,277
KINGSWOOD PARK,95000.0,95000.0,95000.0,95000.0,95000.0,1
KIOLOA,1.0,19500.25,34100.0,42200.0,42200.0,4
KIRRAWEE,70000.0,161000.0,184000.0,207500.0,850000.0,131
KIRRIBILLI,0.0,154250.0,225055.0,317875.0,3360000.0,194
KITCHENER,10000.0,17000.0,55000.0,76000.0,108000.0,17
KNIGHTS BRIDGE,277500.0,277500.0,277500.0,277500.0,277500.0,1
KOGARAH,37500.0,137000.0,155000.0,208000.0,1950000.0,330
KOGARAH BAY,187000.0,232500.0,262500.0,300250.0,540000.0,18
KOOLEWONG,53500.0,129500.0,152475.0,173500.0,17000000.0,30
KOONAWARRA,0.0,93350.0,102500.0,111000.0,123000.0,31
KOORINGAL,29000.0,70500.0,98930.0,126500.0,340000.0,242
KORORA,32500.0,100000.0,145000.0,207000.0,350000.0,37
KOTARA,0.0,112500.0,127000.0,145000.0,360000.0,109
KOTARA SOUTH,0.0,127500.0,139950.0,147700.0,155000.0,13
KUNGHUR,85000.0,85000.0,85000.0,85000.0,85000.0,1
KURMOND,166500.0,166500.0,166500.0,166500.0,166500.0,1
KURNELL,54000.0,145000.0,155000.0,179500.0,295000.0,26
KURRAJONG,72500.0,112500.0,152500.0,214000.0,333000.0,35
KURRAJONG HEIGHTS,62500.0,133500.0,160000.0,181250.0,279600.0,24
KURRI KURRI,17000.0,41700.0,70000.0,85950.0,187000.0,137
KYEEMAGH,0.0,199125.0,213500.0,230000.0,275000.0,20
KYLE BAY,124500.0,302500.0,382500.0,520000.0,1300000.0,18
LA PEROUSE,200500.0,290000.0,320000.0,435000.0,435000.0,7
LAKE ALBERT,31000.0,108000.0,118500.0,141000.0,240000.0,101
LAKE CATHIE,44000.0,105000.0,115000.0,150000.0,2421000.0,25
LAKE CONJOLA,0.0,0.0,60000.0,150000.0,290000.0,17
LAKE HAVEN,30802.0,60000.0,68000.0,127975.0,13000000.0,195
LAKE HEIGHTS,0.0,0.0,105000.0,121250.0,200000.0,32
LAKE ILLAWARRA,6850.0,97500.0,110000.0,123500.0,182000.0,67
LAKE MUNMORAH,33000.0,52875.0,87000.0,115000.0,256000.0,138
LAKE TABOURIE,5000.0,18500.0,46500.0,73500.0,84000.0,4
LAKELANDS,0.0,58500.0,71250.0,135000.0,308000.0,85
LAKEMBA,36250.0,96000.0,110000.0,140000.0,2110000.0,433
LAKESIDE WAGGA WAGGA,40000.0,136750.0,162000.0,183650.0,225000.0,24
LAKEWOOD,42000.0,122000.0,125000.0,140000.0,195000.0,9
LALOR PARK,53000.0,104500.0,113000.0,120000.0,153000.0,75
LAMBTON,0.0,90000.0,112250.0,132000.0,422230.0,130
LAMBTON NORTH,142500.0,142500.0,142500.0,142500.0,142500.0,1
LANE COVE,0.0,160000.0,190000.0,283000.0,17650000.0,612
LANE COVE W,280000.0,280000.0,280000.0,280000.0,280000.0,1
LANE COVE WEST,130000.0,153125.0,250000.0,277500.0,395000.0,23
LANSVALE,52000.0,107000.0,116000.0,135000.0,159000.0,9
LAPSTONE,124200.0,137750.0,143500.0,167750.0,175000.0,8
LARGS,31750.0,50000.0,56000.0,95000.0,185000.0,39
LAURIETON,51500.0,119375.0,135000.0,149375.0,192000.0,18
LAVENDER BAY,160000.0,212500.0,428500.0,1115625.0,1450000.0,8
LAVINGTON,0.0,57000.0,87150.0,106000.0,5700000.0,489
LAWRENCE,0.0,14125.0,16500.0,35625.0,88000.0,8
LAWSON,19000.0,88250.0,105000.0,125000.0,310000.0,86
LEETON,21375.0,60000.0,78000.0,91000.0,153000.0,113
LEICHHARDT,0.0,153500.0,180000.0,208000.0,2205000.0,443
LEMON TREE PASSAGE,10000.0,45000.0,93500.0,142750.0,285000.0,116
LEMONGROVE,116000.0,116000.0,116000.0,116000.0,116000.0,1
LENNOX HEAD,25000.0,84250.0,125000.0,170000.0,420000.0,147
LEONAY,150000.0,184000.0,195000.0,241000.0,277000.0,12
LETHBRIDGE PARK,47500.0,74500.0,82500.0,92000.0,112000.0,23
LEUMEAH,30000.0,97000.0,112750.0,130000.0,700000.0,194
LEURA,3250.0,75000.0,122000.0,181000.0,1677000.0,185
LEWISHAM,105000.0,152000.0,170000.0,190000.0,360000.0,21
LIDCOMBE,0.0,110000.0,135000.0,150000.0,4000000.0,280
LILLI PILLI,1.0,45000.0,90000.0,265125.0,460000.0,92
LILLI PILLI (CARINGBAH),118000.0,210000.0,255000.0,305000.0,620000.0,21
LILYFIELD,7500.0,140000.0,157000.0,219500.0,1280000.0,42
LINDEN,15500.0,48000.0,125700.0,142500.0,175000.0,20
LINDFIELD,27000.0,275000.0,368000.0,500000.0,1375000.0,217
LINLEY POINT,275000.0,297500.0,425000.0,580000.0,720000.0,7
LISAROW,158.0,65000.0,77500.0,131000.0,290000.0,103
LISMORE,0.0,83000.0,100000.0,124875.0,10500000.0,386
LISMORE HEIGHTS,21000.0,52500.0,95000.0,122670.0,245000.0,91
LITHGOW,3500.0,55000.0,74500.0,93575.0,5850000.0,308
LITTLE BAY,202500.0,230000.0,250000.0,305000.0,410000.0,16
LITTLE WOBBY,85000.0,105000.0,125000.0,145000.0,165000.0,2
LIVERPOOL,30000.0,87000.0,110000.0,125000.0,1141000.0,639
LOCHINVAR,18000.0,48500.0,61750.0,121750.0,170000.0,14
LOFTUS,144.0,174000.0,185000.0,200500.0,420000.0,63
LONDONDERRY,48100.0,87250.0,113000.0,119250.0,178000.0,6
LONG BEACH,20000.0,37000.0,69500.0,151500.0,370000.0,24
LONG JETTY,417.0,106000.0,121000.0,138200.0,855000.0,225
LONGUEVILLE,65000.0,450000.0,495000.0,680000.0,1900000.0,37
LORN,33000.0,118250.0,135000.0,150500.0,305000.0,44
LOVETT BAY,378900.0,381675.0,384450.0,387225.0,390000.0,2
LOWANNA,8000.0,10125.0,12250.0,14375.0,16500.0,2
LUCAS HEIGHTS,47000.0,110000.0,128000.0,232750.0,305000.0,100
LUDDENHAM,147000.0,162250.0,177500.0,183725.0,189950.0,3
LUGARNO,160000.0,226000.0,275000.0,320000.0,660000.0,98
LURNEA,87500.0,115000.0,128000.0,146000.0,230000.0,91
LUSKINTYRE,85000.0,85000.0,85000.0,85000.0,85000.0,1
MACKSVILLE,10.0,65000.0,93000.0,115000.0,210000.0,41
MACLEAN,15000.0,70875.0,100000.0,117250.0,250000.0,34
MACMASTERS BEACH,28500.0,142500.0,182500.0,235000.0,620000.0,36
MACQUARIE FIELDS,25000.0,95000.0,109000.0,122625.0,12000000.0,239
MACQUARIE HILLS,0.0,110000.0,117000.0,134950.0,265000.0,57
MACQUARIE PARK,18900.0,134000.0,146750.0,161625.0,260500.0,64
MAIANBAR,149500.0,186600.0,199000.0,220000.0,242500.0,13
MAIN ARM,80000.0,91250.0,97500.0,105000.0,120000.0,4
MAITLAND,3000.0,54000.0,69800.0,83500.0,160000.0,52
MALABAR,80000.0,160000.0,256000.0,317500.0,28600000.0,79
MALLABULA,20000.0,49875.0,63975.0,85375.0,116000.0,18
MALONEYS BEACH,41500.0,48000.0,88800.0,127250.0,250000.0,38
MALUA BAY,3573.0,62000.0,123500.0,160000.0,350000.0,100
MANDALONG,105000.0,105000.0,105000.0,105000.0,105000.0,1
MANGERTON,0.0,0.0,144500.0,177500.0,525000.0,38
MANILLA,95000.0,95000.0,95000.0,95000.0,95000.0,1
MANLY,0.0,155000.0,215000.0,315000.0,11345000.0,621
MANLY VALE,0.0,132750.0,150000.0,172500.0,690000.0,100
MANNERING PARK,36000.0,48000.0,93000.0,112500.0,315000.0,71
MANYANA,0.0,41000.0,85500.0,115000.0,150000.0,15
MARAYLYA,170000.0,176250.0,182500.0,188750.0,195000.0,2
MARAYONG,55000.0,117000.0,130000.0,144000.0,210000.0,149
MARDI,60000.0,60000.0,60000.0,60000.0,145000.0,52
MARKS POINT,0.0,100000.0,115000.0,142500.0,400000.0,63
MARLOW CREEK,43000.0,44125.0,45250.0,46375.0,47500.0,2
MARMONG POINT,0.0,39500.0,87500.0,131000.0,318000.0,14
MAROOTA,370000.0,386250.0,402500.0,418750.0,435000.0,2
MAROUBRA,10000.0,158000.0,212000.0,300000.0,23550000.0,444
MARRANGAROO,36955.0,43200.0,46300.0,50575.0,56900.0,16
MARRAR,6000.0,6750.0,7500.0,8250.0,9000.0,2
MARRICKVILLE,10.0,119000.0,144750.0,170000.0,2675000.0,516
MARRICKVILLE WEST,70000.0,71000.0,72000.0,94750.0,117500.0,3
MARSFIELD,8000.0,171125.0,189000.0,209000.0,21000000.0,382
MARTINS CREEK,46000.0,46000.0,46000.0,60500.0,75000.0,3
MARYLAND,0.0,48000.0,78000.0,117562.5,482500.0,278
MARYVILLE,0.0,62000.0,83000.0,92475.0,109550.0,27
MASCOT,0.0,126000.0,141250.0,185250.0,1188000.0,180
MATRAVILLE,351.0,124000.0,173500.0,250000.0,475000.0,177
MAYFIELD,0.0,82750.0,93000.0,106000.0,300000.0,335
MAYFIELD EAST,0.0,51625.0,85500.0,98000.0,720000.0,46
MAYFIELD WEST,0.0,85000.0,95000.0,109500.0,133000.0,47
MAYS HILL,101500.0,119500.0,134875.0,164250.0,350000.0,32
MCGRATHS HILL,6000.0,117000.0,130000.0,144000.0,348500.0,105
MCMAHONS POINT,10000.0,170000.0,246000.0,363500.0,1450000.0,79
MCMAHONS PT,530000.0,562500.0,595000.0,627500.0,660000.0,2
MEADOWBANK,63000.0,102000.0,120000.0,132000.0,550000.0,146
MEDLOW BATH,15000.0,29000.0,102000.0,119000.0,225000.0,33
MEDOWIE,17500.0,33500.0,90500.0,108000.0,432000.0,198
MELROSE PARK,0.0,142312.5,158500.0,197000.0,640000.0,12
MENAI,73000.0,126500.0,134000.0,208000.0,2600000.0,377
MENANGLE,51000.0,51000.0,51000.0,51000.0,51000.0,1
MENDOORAN,0.0,1500.0,3000.0,3975.0,4950.0,3
MENINDEE,0.0,0.0,17500.0,47375.0,98969.0,12
MEREWETHER,0.0,118250.0,149500.0,185000.0,750000.0,322
MEREWETHER HEIGHTS,55000.0,158725.0,174500.0,194475.0,280000.0,28
MERIMBULA,55.0,72250.0,128750.0,164000.0,1233500.0,220
MEROO MEADOW,672000.0,672000.0,672000.0,672000.0,672000.0,1
MERRIWA,5200.0,10875.0,32000.0,62500.0,210000.0,12
MERRYGOEN,1500.0,1500.0,1500.0,1500.0,1500.0,1
MERRYLANDS,0.0,114250.0,130750.0,147000.0,16000000.0,274
MERRYLANDS WEST,3000.0,120000.0,124000.0,129750.0,173500.0,11
MERWETHER HEIGHTS,0.0,0.0,0.0,0.25,55000.0,8
METFORD,36500.0,38500.0,70000.0,111625.0,200000.0,211
MIDDLE BOAMBEE,110000.0,110000.0,110000.0,110000.0,110000.0,1
MIDDLE COVE,366000.0,411362.5,427500.0,612500.0,685000.0,6
MILDURA,110000.0,110000.0,110000.0,110000.0,110000.0,2
MILLER,7750.0,98000.0,105000.0,115000.0,135000.0,27
MILLFIELD,13000.0,15250.0,16500.0,49000.0,86500.0,15
MILPERRA,0.0,162000.0,173750.0,216875.0,1300000.0,62
MILSONS POINT,0.0,180000.0,190000.0,243000.0,650000.0,9
MILTON,0.0,74125.0,105000.0,117500.0,165000.0,26
MINCHINBURY,32500.0,65750.0,120000.0,138000.0,196000.0,121
MINMI,25000.0,35250.0,38750.0,98000.0,138000.0,14
MINNAMURRA,100000.0,174500.0,238000.0,265000.0,310000.0,17
MINTO,2000.0,91000.0,113000.0,128750.0,475000.0,218
MIRANDA,0.0,171000.0,201000.0,238500.0,900000.0,248
MIRRABOOKA,2400.0,44500.0,68000.0,121500.0,260000.0,18
MITTAGONG,20000.0,97000.0,115000.0,142000.0,325000.0,49
MOAMA,134000.0,134000.0,134000.0,134000.0,134000.0,1
MODEL FARMS,173100.0,173100.0,184050.0,201875.0,222500.0,4
MOGO,7000.0,40500.0,57750.0,90000.0,130000.0,23
MOLLYMOOK,0.0,95000.0,135000.0,178750.0,635000.0,95
MOLLYMOOK BEACH,0.0,7500.0,108500.0,161125.0,635000.0,46
MONA VALE,85000.0,181000.0,254000.0,310500.0,1600000.0,48
MONTEREY,125000.0,160000.0,199250.0,247500.0,59000000.0,98
MOONEE,41000.0,84000.0,115000.0,144250.0,250000.0,12
MOONEY MOONEY,29000.0,75500.0,160000.0,219500.0,365000.0,11
MOOREBANK,0.0,133500.0,157000.0,180000.0,1350000.0,118
MOREE,0.0,35250.0,78000.0,114250.0,1150000.0,242
MORISSET,0.0,37500.0,87000.0,104000.0,230000.0,31
MORISSET PARK,33000.0,96250.0,123500.0,147500.0,160000.0,10
MORPETH,28000.0,79000.0,95000.0,148500.0,308750.0,31
MORTDALE,51800.0,135000.0,145000.0,175500.0,555000.0,239
MORTLAKE,165000.0,189500.0,235000.0,773250.0,1250000.0,28
MORUNDAH,12000.0,48000.0,84000.0,93500.0,103000.0,3
MORUYA,850.0,58250.0,81000.0,101000.0,188000.0,155
MORUYA HEADS,1.0,42500.0,54500.0,87875.0,8750000.0,64
MOSMAN,45000.0,205000.0,345000.0,538000.0,87500000.0,521
MOSS VALE,0.0,45000.0,95000.0,125000.0,455000.0,75
MOSSY POINT,17000.0,56000.0,80000.0,126000.0,300000.0,55
MOUNT ANNAN,50000.0,62000.0,69500.0,110000.0,275000.0,153
MOUNT COLAH,53375.0,163000.0,201000.0,228000.0,940000.0,145
MOUNT DRUITT,7000.0,80000.0,93000.0,108000.0,9500000.0,329
MOUNT HUNTER,12000.0,58500.0,105000.0,108500.0,112000.0,3
MOUNT HUTTON,0.0,46000.0,98750.0,132000.0,215000.0,96
MOUNT KEIRA,0.0,0.0,0.0,0.0,0.0,3
MOUNT KU-RING-GAI,192000.0,192000.0,192000.0,192000.0,192000.0,1
MOUNT KURING-GAI,6000.0,180750.0,205000.0,233750.0,475000.0,39
MOUNT LEWIS,305000.0,305000.0,305000.0,305000.0,305000.0,1
MOUNT OUSLEY,0.0,0.0,0.0,0.0,217500.0,6
MOUNT PLEASANT,0.0,800.0,67866.0,115000.0,291000.0,21
MOUNT PLEASANT (PENRITH),50000.0,75375.0,124500.0,148000.0,220000.0,30
MOUNT PRITCHARD,108000.0,120000.0,125500.0,126000.0,160000.0,5
MOUNT RIVERVIEW,100.0,134250.0,160000.0,190750.0,335000.0,55
MOUNT SAINT THOMAS,0.0,0.0,0.0,0.0,103000.0,11
MOUNT VICTORIA,10000.0,25000.0,45000.0,101500.0,385000.0,73
MOUNT WARRIGAL,70000.0,114000.0,134000.0,155000.0,1000000.0,57
MT AUSTIN,7582.0,71250.0,83500.0,110000.0,185000.0,111
MT COLAH,65000.0,160375.0,202500.0,225000.0,940000.0,80
MT DRUITT,107000.0,107000.0,107000.0,107000.0,107000.0,1
MT HUNTER,12000.0,12000.0,12000.0,12000.0,12000.0,1
MT HUTTON,90000.0,111000.0,132000.0,163500.0,195000.0,3
MT KEIRA,131000.0,141000.0,146500.0,161000.0,185000.0,8
MT KIERA,36000.0,65250.0,110000.0,172000.0,253000.0,4
MT KURING-GAI,115000.0,185000.0,192000.0,215000.0,275000.0,11
MT LEWIS,165000.0,167750.0,178000.0,181500.0,305000.0,6
MT OUSLEY,78500.0,130500.0,162500.0,220000.0,262500.0,18
MT PLEASANT,800.0,59000.0,82000.0,156250.0,805000.0,27
MT PLEASANT (PENRITH),42000.0,110000.0,120000.0,179000.0,245000.0,29
MT PRITCHARD,10000.0,103200.0,115000.0,135000.0,1120000.0,69
MT RIVERVIEW,100.0,131500.0,154500.0,203125.0,212500.0,12
MT ST THOMAS,61000.0,88375.0,108500.0,121250.0,133500.0,12
MT VICTORIA,120000.0,120000.0,120000.0,120000.0,120000.0,1
MT WARRIGAL,70000.0,122250.0,139000.0,169500.0,1000000.0,36
MUDGEE,0.0,35000.0,85000.0,115500.0,270000.0,308
MULBRING,33000.0,46750.0,60500.0,67750.0,75000.0,3
MULGOA,95000.0,100375.0,119250.0,175625.0,195000.0,10
MULLAWAY,30000.0,35250.0,42000.0,72750.0,128500.0,18
MULLUMBIMBY,22000.0,67125.0,101250.0,123125.0,270000.0,72
MULWALA,0.0,32500.0,71750.0,94750.0,750000.0,56
MUNGINDI,200.0,481.25,700.0,14000.0,55000.0,24
MURRAMI,11000.0,14250.0,17500.0,20750.0,24000.0,2
MURWILLUMBAH,38000.0,88500.0,105000.0,127500.0,235000.0,89
MUSWELBROOK,93000.0,93000.0,93000.0,93000.0,93000.0,1
MUSWELLBROOK,2500.0,23750.0,76000.0,100000.0,1075000.0,487
MYOLA,0.0,50.0,100.0,60050.0,120000.0,3
MYSTERY BAY,24000.0,24000.0,32000.0,36000.0,102000.0,13
McMAHONS POINT,0.0,0.0,168250.0,254125.0,660000.0,22
NABIAC,75000.0,85000.0,87000.0,104500.0,128000.0,7
NAMBUCCA HEADS,20000.0,71666.5,100000.0,127500.0,400000.0,131
NANA GLEN,60000.0,75000.0,87500.0,111000.0,159000.0,4
NARARA,52000.0,115000.0,130000.0,142987.5,465500.0,234
NARELLAN,16000.0,63000.0,69500.0,124000.0,599500.0,241
NARELLAN VALE,49850.0,59500.0,69500.0,108000.0,725000.0,143
NAREMBURN,0.0,182500.0,255000.0,290500.0,5800000.0,63
NAROOMA,24000.0,72000.0,100000.0,160000.0,410000.0,107
NARRABEEN,50000.0,152125.0,170000.0,237750.0,575000.0,98
NARRABRI,7500.0,60000.0,79000.0,95000.0,205300.0,132
NARRANDERA,5000.0,32000.0,55000.0,63000.0,375000.0,9
NARRAWALLEE,0.0,35250.0,85000.0,106900.0,180000.0,62
NARRAWEENA,9850.0,207000.0,225000.0,249000.0,350000.0,43
NARWEE,77500.0,117500.0,153000.0,182500.0,278000.0,53
NEATH,25000.0,54250.0,87000.0,121250.0,155000.0,4
NELLIGEN,90000.0,105250.0,151000.0,151000.0,200000.0,6
NELSON,282000.0,282000.0,282000.0,282000.0,282000.0,1
NELSON BAY,0.0,121500.0,153500.0,195000.0,660000.0,275
NEMINGHA,40000.0,61625.0,83250.0,104875.0,126500.0,2
NEUTRAL BAY,0.0,168875.0,232500.0,355000.0,1960000.0,400
NEW BRIGHTON,36000.0,38000.0,40000.0,107500.0,175000.0,3
NEW ENTRANCE,4000.0,45750.0,60000.0,117500.0,200000.0,19
NEW LAMBTON,0.0,94750.0,115000.0,138000.0,435000.0,296
NEW LAMBTON HEIGHTS,0.0,68462.5,156500.0,184250.0,395000.0,60
NEWCASTLE,0.0,162275.0,195000.0,240000.0,420000.0,23
NEWCASTLE EAST,0.0,112000.0,160000.0,230000.0,2300000.0,37
NEWCASTLE WEST,105000.0,126000.0,146000.0,151750.0,220000.0,11
NEWPORT,210.0,172250.0,250000.0,312750.0,800000.0,82
NEWTOWN,0.0,140250.0,165000.0,194500.0,2000000.0,366
NIAGARA PARK,0.0,67250.0,117250.0,136625.0,217000.0,98
NIMBIN,29500.0,68000.0,76500.0,79000.0,83000.0,5
NORAH HEAD,60000.0,127000.0,147475.0,205000.0,274000.0,26
NORAVILLE,69000.0,94625.0,107500.0,162000.0,3081675.0,66
NORDS WHARF,0.0,74500.0,117500.0,151875.0,400000.0,24
NORMANHURST,102000.0,185000.0,215000.0,241000.0,593000.0,131
NORTH AVOCA,0.0,110000.0,172500.0,200000.0,670000.0,59
NORTH BALGOWLAH,100000.0,215500.0,225000.0,241000.0,3330000.0,23
NORTH BANKSTOWN,176000.0,176000.0,176000.0,176000.0,176000.0,1
NORTH BATEMANS BAY,51000.0,57000.0,80000.0,95000.0,172000.0,9
NORTH BONDI,100000.0,148625.0,181000.0,235000.0,810000.0,64
NORTH CARINGBAH,200000.0,200000.0,200000.0,200000.0,200000.0,1
NORTH CRANEBROOK,53000.0,58000.0,59000.0,59750.0,120000.0,14
NORTH CREMORNE,0.0,0.0,177500.0,328750.0,645000.0,70
NORTH CRONULLA,156000.0,213100.0,281000.0,286875.0,423000.0,6
NORTH CURL CURL,0.0,217600.0,252000.0,311000.0,451500.0,37
NORTH ENGADINE,210000.0,210000.0,210000.0,210000.0,210000.0,1
NORTH ENTRANCE,100000.0,120000.0,120000.0,140000.0,1003000.0,5
NORTH EPPING,135000.0,215000.0,239500.0,265000.0,360000.0,41
NORTH GOSFORD,0.0,110375.0,120000.0,140500.0,10800000.0,84
NORTH HAVEN,100.0,84000.0,122500.0,162000.0,5600000.0,26
NORTH LAMBTON,0.0,54750.0,82500.0,115000.0,179000.0,115
NORTH LISMORE,26000.0,43000.0,57500.0,72500.0,94000.0,7
NORTH MANLY,10.0,190750.0,217500.0,226250.0,275000.0,12
NORTH NAROOMA,8000.0,69750.0,91000.0,128310.0,210000.0,23
NORTH NARRABEEN,0.0,203750.0,215000.0,240750.0,380000.0,20
NORTH NOWRA,0.0,52000.0,98000.0,129000.0,275000.0,253
NORTH PARRAMATTA,0.0,118500.0,136750.0,170000.0,400000.0,254
NORTH RICHMOND,50000.0,107500.0,130000.0,158000.0,280000.0,95
NORTH ROCKS,148000.0,210000.0,237500.0,260000.0,440000.0,144
NORTH ROTHBURY,18000.0,19875.0,25250.0,65375.0,94500.0,8
NORTH RYDE,0.0,170500.0,192500.0,220000.0,2179378.0,263
NORTH SEAFORTH,211000.0,214000.0,216000.0,217000.0,265000.0,5
NORTH SHORE,200000.0,200000.0,200000.0,200000.0,200000.0,1
NORTH ST IVES,135000.0,320000.0,360000.0,410500.0,627000.0,6
NORTH STRATHFIELD,0.0,125750.0,151000.0,212500.0,391300.0,34
NORTH SYDNEY,0.0,140000.0,211000.0,321875.0,4550000.0,346
NORTH TURRAMURRA,210000.0,269375.0,320000.0,425000.0,1050000.0,48
NORTH WAGGA WAGGA,62500.0,81875.0,101250.0,120625.0,140000.0,2
NORTH WAHROONGA,160000.0,243750.0,327500.0,411250.0,495000.0,2
NORTH WOLLONGONG,0.0,95000.0,116000.0,123000.0,1207500.0,41
NORTHBRIDGE,110000.0,330000.0,415000.0,465000.0,1220000.0,37
NORTHMEAD,0.0,143000.0,172000.0,189987.5,900000.0,270
NORTHWOOD,161500.0,410000.0,520000.0,650000.0,1050000.0,17
NOWRA,0.0,29875.0,80000.0,104000.0,620000.0,252
NTH KIRRAWEE,133000.0,133500.0,134000.0,137000.0,137000.0,5
NTH MANLY,340000.0,340000.0,340000.0,340000.0,340000.0,1
NTH PARRAMATTA,115000.0,115000.0,115000.0,115000.0,115000.0,1
NTH RICHMOND,63000.0,75750.0,126250.0,196875.0,270000.0,4
NTH ROTHBURY,18000.0,20000.0,25000.0,58500.0,76164.0,7
NTH SEAFORTH,240000.0,240000.0,240000.0,240000.0,240000.0,1
NTH TURRAMURRA,254000.0,254000.0,254000.0,254000.0,254000.0,1
NYNGAN,1000.0,7000.0,39750.0,59750.0,194000.0,60
OAK FLATS,13000.0,100000.0,122000.0,140000.0,410000.0,145
OAKDALE,38000.0,55000.0,92000.0,145000.0,866000.0,29
OAKHURST,5200.0,57000.0,105000.0,121050.0,624770.0,128
OAKLANDS,700.0,1500.0,11800.0,53000.0,362000.0,20
OATLANDS,0.0,152500.0,190250.0,273500.0,1450000.0,44
OATLEY,800.0,191500.0,240000.0,307500.0,665000.0,193
OCEAN SHORES,14000.0,35000.0,52000.0,103875.0,330000.0,196
OLD BAR,38000.0,38000.0,38000.0,38000.0,38000.0,1
OLD EROWAL BAY,47000.0,62750.0,73200.0,80550.0,87000.0,4
OLD GUILDFORD,95000.0,122500.0,130000.0,143500.0,180000.0,27
OLD TOONGABBIE,0.0,133000.0,152000.0,167000.0,968000.0,65
ORANGE,0.0,50000.0,90000.0,122000.0,380000.0,1228
ORCHARD HILLS,137000.0,141425.0,145850.0,150275.0,154700.0,2
ORIENT POINT,0.0,75625.0,95500.0,111250.0,1360000.0,24
OURIMBAH,35000.0,65250.0,105000.0,130750.0,3500000.0,86
OXLEY VALE,18500.0,38000.0,115000.0,135000.0,150000.0,5
OYSTER BAY,90000.0,184000.0,205000.0,281000.0,1909000.0,95
PADDINGTON,0.0,181000.0,267000.0,367500.0,13225000.0,443
PADSTOW,85750.0,150750.0,168000.0,183750.0,340000.0,179
PADSTOW HEIGHTS,135000.0,175000.0,205000.0,230000.0,285000.0,38
PAGEWOOD,123000.0,200000.0,215500.0,249500.0,350000.0,46
PALM BEACH,137500.0,215000.0,375000.0,572500.0,2200000.0,23
PALMERS ISLAND,12500.0,37375.0,62250.0,87125.0,112000.0,2
PAMBULA,64000.0,76000.0,84000.0,97500.0,260000.0,29
PAMBULA BEACH,50000.0,95500.0,116000.0,170500.0,310000.0,30
PANANIA,120000.0,155000.0,170000.0,185000.0,300000.0,146
PARKES,37500.0,58125.0,78750.0,99375.0,120000.0,2
PARKLEA,73500.0,121000.0,153000.0,183750.0,320000.0,38
PARKVILLE,10000.0,22375.0,53465.0,69500.0,76000.0,7
PARRAMATTA,0.0,110000.0,132500.0,150500.0,13100000.0,567
PATERSON,36500.0,81000.0,85000.0,128500.0,470000.0,11
PATONGA,10.0,115000.0,137500.0,155000.0,285000.0,14
PAXTON,16000.0,19125.0,23500.0,53000.0,115000.0,38
PEAKHURST,0.0,179100.0,235000.0,271000.0,375000.0,238
PEARL BEACH,100000.0,170750.0,230000.0,283500.0,970000.0,32
PELAW MAIN,11500.0,33500.0,70000.0,90000.0,124000.0,27
PELICAN,0.0,80500.0,121475.0,163875.0,432000.0,38
PENDLE HILL,0.0,132000.0,146000.0,163500.0,755450.0,85
PENNANT HILLS,12000.0,208000.0,246000.0,290000.0,1900000.0,169
PENRITH,3000.0,101000.0,120000.0,137000.0,1490000.0,623
PENRITH PARK,116000.0,116000.0,116000.0,116000.0,116000.0,1
PENROSE,0.0,0.0,58300.0,116700.0,117000.0,4
PENSHURST,18000.0,125000.0,145000.0,200000.0,802000.0,260
PETERSHAM,185.0,145000.0,172000.0,220000.0,620000.0,170
PH BROUGHAM,400000.0,400000.0,400000.0,400000.0,400000.0,1
PHEGANS BAY,1.0,50000.0,116000.0,170000.0,194000.0,15
PHILLIP BAY,0.0,140000.0,170375.0,221000.0,225000.0,8
PICNIC POINT,20000.0,170250.0,191000.0,222500.0,660000.0,78
PICTON,30000.0,60000.0,68250.0,117250.0,215000.0,106
PIGGABEEN,113000.0,116125.0,119250.0,122375.0,125500.0,2
PITT TOWN,44000.0,98875.0,121250.0,153000.0,197000.0,18
PLUMPTION CR,146000.0,146000.0,146000.0,146000.0,146000.0,2
PLUMPTON,118.0,94125.0,116000.0,124950.0,5699000.0,288
POINT CLARE,0.0,120000.0,155000.0,186875.0,560000.0,86
POINT FREDERICK,10000.0,151250.0,198000.0,320000.0,800000.0,30
POINT PIPER,10000.0,285000.0,460000.0,1000000.0,10000000.0,37
POONCARIE,1500.0,1500.0,1500.0,1500.0,1500.0,1
PORT HACKING,250000.0,300750.0,350000.0,408750.0,620000.0,10
PORT KEMBLA,0.0,0.0,0.0,95000.0,670000.0,62
PORT MACQUARIE,0.0,60000.0,114000.0,150000.0,1155000.0,641
POTATO POINT,30000.0,35590.0,38000.0,70000.0,145000.0,11
POTTS POINT,9000.0,95625.0,135000.0,190000.0,5088000.0,190
POTTS PT,216500.0,265750.0,315000.0,322500.0,330000.0,3
POTTSVILLE,13950.0,59725.0,87500.0,115750.0,545000.0,111
PRAIRIEWOOD,125000.0,140000.0,155000.0,162500.0,170000.0,3
PRESTONS,73000.0,91737.5,130000.0,144500.0,380000.0,14
PRETTY BEACH,145000.0,167500.0,190000.0,295000.0,400000.0,3
PRETTY PINE,31500.0,31500.0,31500.0,31500.0,31500.0,1
PRIMBEE,0.0,0.0,53000.0,116000.0,189000.0,17
PROSPECT,0.0,121187.5,137500.0,189250.0,310000.0,74
PUNCHBOWL,9001.0,107000.0,140000.0,163500.0,1019000.0,432
PUTNEY,182000.0,214500.0,248000.0,292500.0,385300.0,24
PYMBLE,55000.0,303500.0,382500.0,540000.0,3300000.0,211
PYMBLE W,322000.0,322000.0,322000.0,322000.0,322000.0,1
PYRMONT,20000.0,129000.0,165000.0,192000.0,2500000.0,89
QUAAMA,15000.0,56250.0,77000.0,84000.0,84000.0,4
QUAAMAA,15000.0,15000.0,15000.0,15000.0,15000.0,1
QUAKERS HILL,2500.0,78000.0,122550.0,140000.0,13300000.0,691
QUEANBEYAN,100.0,60000.0,96000.0,125000.0,6000000.0,1029
QUEENS PARK,195000.0,232500.0,270000.0,272500.0,275000.0,3
QUEENSCLIFF,105000.0,143750.0,165000.0,198000.0,430000.0,84
RABY,10000.0,115000.0,128000.0,145000.0,225000.0,177
RAGLAN,25000.0,43500.0,104975.0,124750.0,140000.0,18
RAMSGATE,80000.0,147625.0,200000.0,227500.0,23500000.0,74
RAMSGATE BEACH,225000.0,225000.0,225000.0,225000.0,225000.0,1
RAND,800.0,1025.0,18050.0,39500.0,53000.0,4
RANDWICK,1001.0,156000.0,184750.0,259625.0,2720000.0,736
RANKIN PARK,0.0,90000.0,129000.0,159950.0,230000.0,77
RATHMINES,0.0,44000.0,81000.0,119250.0,495000.0,80
RAWORTH,142500.0,153125.0,163750.0,174375.0,185000.0,2
RAYMOND TERRACE,9000.0,47000.0,94000.0,112750.0,930000.0,495
RED HEAD,40000.0,54000.0,70000.0,114000.0,190000.0,7
REDFERN,22800.0,157000.0,187000.0,220500.0,18000000.0,299
REDHEAD,0.0,98625.0,131000.0,164000.0,362500.0,44
REGENTS PARK,0.0,92000.0,116000.0,155000.0,206000.0,50
REGENTVILLE,300.0,109312.5,121250.0,138000.0,1500000.0,60
REIDTOWN,40000.0,105000.0,126000.0,131000.0,132000.0,5
REVESBY,0.0,147000.0,160000.0,175500.0,420000.0,165
REVESBY HEIGHTS,6068.0,159000.0,166500.0,182250.0,253000.0,14
RHODES,0.0,102500.0,172000.0,213500.0,292500.0,23
RICHMOND,55000.0,95000.0,120500.0,132000.0,1450000.0,161
RIVERSTONE,20000.0,103875.0,121000.0,130000.0,12500000.0,104
RIVERVIEW,150000.0,296250.0,329000.0,415250.0,750000.0,20
RIVERWOOD,68500.0,150000.0,163000.0,180000.0,280000.0,110
ROBERTSON,37000.0,56500.0,76000.0,95500.0,115000.0,2
ROCKDALE,25000.0,132375.0,141000.0,170000.0,415000.0,224
ROCKY POINT,42000.0,93000.0,98000.0,125000.0,165000.0,9
RODD POINT,233500.0,243062.5,268000.0,285250.0,288000.0,6
ROGANS HILL,368000.0,376500.0,385000.0,505000.0,625000.0,3
ROOTY HILL,14000.0,95000.0,119000.0,135000.0,1225000.0,137
ROSE BAY,3000.0,181500.0,252693.0,477500.0,9959000.0,243
ROSEBERY,59000.0,163625.0,219000.0,258250.0,456000.0,72
ROSEDALE,45000.0,50000.0,141000.0,149000.0,263500.0,25
ROSEHILL,76000.0,104750.0,125000.0,139500.0,640000.0,27
ROSELANDS,10000.0,138750.0,162500.0,194250.0,2110000.0,52
ROSEMEADOW,3000.0,95000.0,105000.0,114750.0,160000.0,190
ROSEVILLE,121000.0,261250.0,362500.0,460000.0,1800000.0,170
ROSEVILLE CHASE,330000.0,376250.0,422500.0,468750.0,515000.0,2
ROTHBURY,23000.0,23000.0,23000.0,23000.0,23000.0,1
ROTHBURY NORTH,18000.0,19000.0,25000.0,43000.0,57500.0,7
ROUND CORNER,159500.0,170000.0,182000.0,235000.0,340000.0,9
ROZELLE,45000.0,156250.0,200000.0,239750.0,2050000.0,222
RURAL LAND PORS,362000.0,362000.0,362000.0,362000.0,362000.0,1
RUSE,500.0,120000.0,130000.0,145000.0,200000.0,131
RUSHCUTTERS BAY,88500.0,136000.0,207750.0,358125.0,1200000.0,38
RUSSELL LEA,175000.0,251000.0,274500.0,302500.0,435000.0,10
RUSSELL VALE,0.0,0.0,127000.0,131500.0,348000.0,15
RUTHERFORD,18000.0,39000.0,85000.0,107000.0,871250.0,269
RYDALMERE,0.0,140000.0,160000.0,180000.0,7300000.0,113
RYDE,20000.0,132000.0,185000.0,225000.0,2450000.0,549
SACKVILLE NORTH,150000.0,152500.0,155000.0,207500.0,260000.0,3
SADLEIR,7800.0,98000.0,105500.0,115000.0,137000.0,31
SAFETY BEACH,29000.0,61750.0,86000.0,93750.0,136000.0,6
SALAMANDER BAY,49000.0,62000.0,78000.0,157000.0,1700000.0,116
SAN REMO,25000.0,45000.0,89000.0,103500.0,10400000.0,189
SANCTUARY POINT,0.0,30000.0,57000.0,94000.0,220000.0,319
SANDGATE,0.0,106250.0,212500.0,318750.0,425000.0,2
SANDRINGHAM,187000.0,227000.0,260000.0,284000.0,315000.0,7
SANDY BEACH,19500.0,60000.0,80000.0,95875.0,260000.0,50
SANDY HOLLOW,42000.0,42000.0,42000.0,42000.0,42000.0,2
SANDY POINT,153000.0,176000.0,220000.0,275000.0,375000.0,12
SANS SOUCI,5000.0,163250.0,206750.0,258750.0,2600000.0,310
SAPPHIRE,96000.0,144000.0,170000.0,248625.0,300000.0,22
SAPPHIRE BEACH,90000.0,266750.0,305000.0,332500.0,400000.0,18
SARATOGA,0.0,83100.0,130000.0,180000.0,365000.0,85
SATUR,30000.0,31250.0,32500.0,33750.0,35000.0,2
SAWTELL,4000.0,75750.0,103250.0,126625.0,290000.0,88
SCARBOROUGH,85000.0,120000.0,145000.0,172000.0,375000.0,5
SCHOFIELDS,13000.0,73000.0,123250.0,141250.0,1351000.0,34
SCONE,14000.0,48000.0,90000.0,125000.0,600000.0,145
SCOTLAND ISLAND,100.0,76500.0,110000.0,170000.0,190000.0,9
SCOTTS HEAD,27000.0,46000.0,92000.0,127500.0,255000.0,29
SEAFORTH,0.0,220000.0,289000.0,420000.0,1800000.0,149
SEAHAM,33000.0,89500.0,97000.0,147500.0,170000.0,7
SEAHAMPTON,0.0,18500.0,32475.0,95500.0,140000.0,18
SEFTON,0.0,133500.0,143500.0,159500.0,436000.0,67
SEVEN HILLS,100.0,115000.0,130000.0,150000.0,11800000.0,342
SHALVEY,7000.0,93000.0,103000.0,105000.0,122000.0,14
SHELLHARBOUR,13000.0,62000.0,70000.0,134000.0,355000.0,197
SHELLY BEACH,65000.0,111250.0,155250.0,173000.0,300000.0,22
SHOAL BAY,76000.0,125000.0,150000.0,182000.0,2202000.0,29
SHOALHAVEN HEADS,0.0,64125.0,107500.0,127125.0,250000.0,100
SHORTLAND,0.0,84000.0,100000.0,118000.0,142000.0,71
SILVERDALE,62000.0,127250.0,142000.0,173875.0,250000.0,24
SILVERWATER,34000.0,45000.0,65000.0,122000.0,760000.0,13
SILVERWATER (LIDCOMBE),119000.0,119250.0,119500.0,119750.0,120000.0,2
SINGLETON,5000.0,44001.0,107500.0,130000.0,675000.0,413
SINGLETON HEIGHTS,425500.0,425500.0,425500.0,425500.0,425500.0,1
SKENNARS HEAD,54500.0,60000.0,67000.0,72000.0,193750.0,25
SMITHFIELD,3500.0,109950.0,127000.0,140000.0,321430.0,93
SNOWY RIVER,16000.0,16000.0,16000.0,16000.0,16000.0,1
SOLDIERS POINT,25000.0,85000.0,164250.0,266750.0,730000.0,46
SOUTH BALLINA,67000.0,88000.0,102500.0,111750.0,117000.0,4
SOUTH BELMORE,180100.0,180100.0,180100.0,180100.0,180100.0,1
SOUTH CAMDEN,211000.0,218250.0,225500.0,232750.0,240000.0,2
SOUTH COOGEE,154000.0,157000.0,162250.0,174625.0,555000.0,6
SOUTH CRONULLA,485000.0,485000.0,485000.0,485000.0,485000.0,1
SOUTH GRAFTON,10000.0,64000.0,81500.0,95000.0,175000.0,91
SOUTH GRANVILLE,0.0,114025.0,126750.0,140000.0,230000.0,56
SOUTH HURSTVILLE,225.0,165500.0,200000.0,289750.0,518000.0,54
SOUTH LISMORE,9000.0,66250.0,84000.0,91000.0,145000.0,43
SOUTH MAITLAND,45000.0,45000.0,45000.0,64750.0,84500.0,3
SOUTH MURWILLUMBAH,97000.0,97000.0,97000.0,97000.0,97000.0,1
SOUTH NOWRA,33500.0,35500.0,37000.0,103000.0,180000.0,41
SOUTH PAMBULA,41000.0,41000.0,41000.0,41000.0,41000.0,1
SOUTH PENRITH,63000.0,115125.0,125000.0,130750.0,205000.0,22
SOUTH STRATHFIELD,106300.0,187250.0,209000.0,246000.0,650000.0,36
SOUTH TURRAMURRA,180000.0,215000.0,240000.0,262000.0,370000.0,17
SOUTH WALLSEND,56500.0,105212.5,122200.0,125837.5,134500.0,4
SOUTH WENTWORTHVILLE,125000.0,134750.0,150000.0,155000.0,208000.0,15
SOUTH WEST ROCKS,0.0,43500.0,90500.0,120000.0,710000.0,199
SOUTH WINDSOR,5000.0,102000.0,117000.0,132000.0,180000.0,57
SOUTH WOOLOOWARE,218000.0,218000.0,218000.0,218000.0,218000.0,1
SPEERS POINT,0.0,91200.0,120000.0,153750.0,320000.0,74
SPENCERVILLE,30000.0,30000.0,30000.0,30000.0,30000.0,1
SPION KOP,53000.0,61500.0,70000.0,80000.0,90000.0,3
SPIT JUNCTION,80000.0,165000.0,180000.0,258000.0,1995500.0,53
SPRING FARM,85000.0,85000.0,85000.0,85000.0,85000.0,1
SPRING HILL,15000.0,15000.0,15000.0,15000.0,15000.0,1
SPRINGFIELD,0.0,57250.0,117000.0,128000.0,182500.0,80
SPRINGWOOD,10.0,111500.0,132000.0,155500.0,1212000.0,231
ST ANDREWS,80000.0,115000.0,122000.0,141000.0,250000.0,110
ST CLAIR,10.0,120000.0,128000.0,147903.0,227500.0,279
ST GEORGES BASIN,0.0,32125.0,37500.0,86500.0,245000.0,82
ST HELENS PARK,4000.0,47051.25,53000.0,105500.0,450000.0,296
ST HUBERTS ISLAND,128000.0,207500.0,300000.0,380000.0,555000.0,37
ST IVES,20000.0,290000.0,344500.0,437500.0,1875000.0,354
ST IVES CHASE,145000.0,305000.0,325000.0,398000.0,738000.0,37
ST JOHNS PARK,35000.0,135000.0,145000.0,180000.0,3500000.0,97
ST LEONARDS,156600.0,201250.0,260000.0,297250.0,490000.0,20
ST MARYS,1000.0,88531.25,104250.0,120000.0,501320.0,450
ST PETERS,20000.0,125000.0,140000.0,156500.0,783720.0,127
STANFORD MERTHYR,71000.0,73125.0,86000.0,105125.0,180000.0,10
STANMORE,84000.0,125000.0,185000.0,210000.0,12300000.0,153
STANWELL PARK,0.0,13554.5,202500.0,234000.0,361000.0,19
STANWELL TOPS,0.0,0.0,0.0,82500.0,165000.0,3
STOCKINBINGAL,4500.0,14625.0,24750.0,34875.0,45000.0,2
STOCKTON,0.0,80000.0,97000.0,125000.0,220000.0,97
STOKERS SIDING,95000.0,103375.0,111750.0,120125.0,128500.0,2
STRATHFIELD,80000.0,191625.0,290000.0,403125.0,65000000.0,392
STRATHFIELD SOUTH,106300.0,164200.0,195000.0,265000.0,470000.0,49
STRATHFIELD WEST,385.0,267500.0,312000.0,330000.0,735000.0,19
SUFFOLK PARK,40000.0,66000.0,78500.0,147000.0,500000.0,85
SUMMER HILL,73350.0,130000.0,155000.0,201500.0,733500.0,139
SUMMERLAND POINT,8000.0,49500.0,75500.0,103812.5,270000.0,64
SUNSET STRIP,0.0,16250.0,35000.0,59000.0,88200.0,6
SUNSHINE,0.0,45000.0,90000.0,122625.0,250000.0,22
SUNSHINE BAY,47500.0,93000.0,114150.0,130000.0,172000.0,12
SURF BEACH,10000.0,55100.0,125000.0,155000.0,325000.0,173
SURFSIDE,7250.0,32000.0,90000.0,119500.0,285000.0,122
SURRY HILLS,20000.0,100000.0,171500.0,223875.0,55010400.0,312
SUSSEX INLET,0.0,38541.5,78000.0,114500.0,620000.0,134
SUTHERLAND,6250.0,148625.0,166500.0,186750.0,850000.0,290
SWAN HAVEN,0.0,42000.0,70500.0,96875.0,132500.0,4
SWANHAVEN,42500.0,42500.0,42500.0,42500.0,42500.0,1
SWANSEA,0.0,96625.0,119500.0,140000.0,280000.0,126
SWANSEA HEADS,0.0,30000.0,135000.0,160000.0,182000.0,11
SYDENHAM,110000.0,128000.0,140000.0,140000.0,160000.0,5
SYDNEY,67000.0,147000.0,204000.0,271250.0,1950000.0,107
SYLVANIA,42000.0,201000.0,265180.0,361000.0,20200000.0,201
SYLVANIA HEIGHTS,202000.0,202000.0,202000.0,202000.0,202000.0,1
SYLVANIA WATERS,153000.0,165000.0,287500.0,425000.0,1500000.0,53
TACOMA,27000.0,46000.0,98000.0,115000.0,182000.0,21
TACOMA SOUTH,89500.0,105000.0,115000.0,126000.0,150000.0,7
TAHMOOR,35000.0,55000.0,97250.0,115625.0,250000.0,132
TALBINGO,10000.0,41500.0,44000.0,70500.0,90000.0,6
TAMARAMA,125000.0,210250.0,295500.0,380750.0,466000.0,2
TAMWORTH,8000.0,64000.0,96000.0,124000.0,750000.0,837
TANILBA BAY,0.0,52000.0,100000.0,128000.0,180000.0,53
TAPITALLEE,50000.0,53250.0,56500.0,59750.0,63000.0,2
TARCUTTA,5000.0,14225.0,20000.0,40000.0,45000.0,8
TAREE,500.0,78625.0,96000.0,122625.0,340000.0,434
TAREN POINT,95000.0,220250.0,237500.0,342250.0,715000.0,14
TARRAWANNA,0.0,99000.0,120000.0,150000.0,328000.0,13
TARRO,0.0,88975.0,96000.0,108000.0,800000.0,35
TASCOTT,0.0,105000.0,137000.0,178000.0,385000.0,65
TATHRA,39000.0,75000.0,105000.0,145000.0,600000.0,67
TATTON,25000.0,45000.0,47250.0,123500.0,370000.0,36
TAYLORS BEACH,250000.0,255500.0,261000.0,266500.0,272000.0,2
TEA GARDENS,26550.0,46000.0,65000.0,142500.0,315000.0,18
TELARAH,20000.0,69000.0,85000.0,100000.0,128000.0,41
TELOPEA,43000.0,152000.0,168000.0,187500.0,442000.0,85
TEMORA,1200.0,43000.0,70000.0,90000.0,410000.0,93
TEMPE,12700.0,130000.0,141000.0,158562.5,200000.0,42
TENAMBIT,30000.0,44500.0,103250.0,118500.0,235000.0,60
TENNYSON,80000.0,210000.0,300000.0,354000.0,414000.0,5
TENTERFIELD,5000.0,23250.0,65000.0,79500.0,135000.0,79
TERALBA,0.0,60000.0,90000.0,115000.0,235000.0,33
TERRANORA,33683.0,61750.0,72000.0,107000.0,250000.0,12
TERREY HILLS,192000.0,255000.0,275000.0,315000.0,427000.0,41
TERRIGAL,0.0,98250.0,157000.0,210000.0,22500000.0,355
THE CHANNON,40000.0,40000.0,40000.0,73000.0,106000.0,3
THE ENTRANCE,34000.0,115750.0,138000.0,170000.0,899000.0,124
THE ENTRANCE NORTH,60000.0,100000.0,133750.0,158750.0,408000.0,50
THE HILL,0.0,89250.0,135000.0,217625.0,500000.0,76
THE JUNCTION,0.0,127625.0,148398.0,175000.0,2250000.0,54
THE OAKS,42000.0,68000.0,105000.0,134000.0,186000.0,41
THE SPIT,162000.0,336000.0,650000.0,775000.0,1200000.0,25
THIRLMERE,36500.0,45000.0,52000.0,124000.0,185000.0,65
THIRROUL,0.0,5000.0,159000.0,175000.0,310000.0,84
THORNLEIGH,0.0,188500.0,210000.0,240000.0,780000.0,165
THORNTON,24000.0,42000.0,53500.0,108000.0,195000.0,197
THURGOONA,0.0,59500.0,88000.0,107000.0,200000.0,135
TIGHES HILL,0.0,68000.0,83500.0,95250.0,143000.0,60
TINGIRA HEIGHTS,0.0,39300.0,45000.0,115700.0,380000.0,68
TOLLAND,23000.0,67000.0,111000.0,148000.0,630000.0,60
TOLLAND WEST,25000.0,95500.0,103000.0,109000.0,129000.0,19
TOMAKIN,30000.0,75000.0,87000.0,105250.0,155000.0,48
TOMERONG,0.0,61500.0,100000.0,134250.0,185000.0,7
TOONGABBIE,0.0,125000.0,140000.0,160000.0,330000.0,214
TOORMINA,25000.0,45000.0,93250.0,123750.0,230000.0,90
TOOWOON BAY,22000.0,113500.0,124500.0,183750.0,262000.0,10
TORONTO,0.0,59200.0,95000.0,125000.0,1167000.0,91
TOUKLEY,38300.0,94500.0,113000.0,133250.0,370000.0,135
TOWAMBA,20000.0,20000.0,20000.0,20000.0,20000.0,1
TOWRADGI,0.0,0.0,113500.0,135875.0,185000.0,40
TREGEAR,3000.0,75000.0,84000.0,88000.0,880000.0,21
TUCKOMBIL,120000.0,120000.0,120000.0,120000.0,120000.0,1
TUGGERAH,150000.0,1075000.0,2000000.0,2000000.0,2000000.0,3
TUGGERAWONG,141.0,88625.0,100000.0,122000.0,172500.0,32
TUMBARUMBA,3000.0,7000.0,44500.0,63000.0,110000.0,40
TUMBI UMBI,52500.0,88750.0,120000.0,155000.0,230000.0,108
TUMBI VALLEY,58250.0,59125.0,60000.0,93125.0,126250.0,3
TUMBULGUM,20000.0,69500.0,91000.0,98625.0,125000.0,16
TUMUT,12000.0,58750.0,85000.0,105000.0,1500000.0,147
TUNCURRY,0.0,92000.0,125000.0,162500.0,365000.0,119
TURA BEACH,25000.0,54000.0,92000.0,157500.0,400000.0,116
TUROSS HEAD,1.0,31750.0,88375.0,124250.0,305000.0,186
TURRAMURRA,1000.0,239250.0,299250.0,393500.0,27100000.0,304
TURRELLA,130000.0,141000.0,149000.0,171000.0,325000.0,7
TURVEY PARK,55000.0,87500.0,104500.0,124250.0,235000.0,68
TWEED,103500.0,103500.0,103500.0,103500.0,103500.0,1
TWEED HEADS,1.0,104750.0,120250.0,157000.0,2000000.0,400
TWEED HEADS SOUTH,2000.0,105000.0,122000.0,140000.0,2100000.0,109
TWEED HEADS WEST,10500.0,84000.0,95000.0,110000.0,215000.0,81
TYALGUM,30000.0,30000.0,49750.0,72125.0,80000.0,4
UKI,58000.0,63250.0,77000.0,108000.0,165000.0,4
ULLADULLA,0.0,39992.5,95000.0,130000.0,1170000.0,222
ULONG,8500.0,8500.0,8500.0,8500.0,8500.0,1
ULTIMO,0.0,143500.0,190000.0,233500.0,23000000.0,286
UMINA,0.0,108237.5,125250.0,155000.0,1620000.0,422
UNANDERRA,0.0,51000.0,82500.0,119500.0,232000.0,79
UNDERCLIFFE,126000.0,151500.0,178000.0,212500.0,990000.0,15
URANA,1500.0,23750.0,35000.0,53000.0,155000.0,11
URANQUINTY,90000.0,90000.0,90000.0,90000.0,90000.0,1
URLIUP,27500.0,27500.0,27500.0,27500.0,27500.0,1
URUNGA,30000.0,42000.0,75000.0,128000.0,188000.0,25
VALENTINE,0.0,68000.0,112250.0,163875.0,412000.0,184
VALLA,35000.0,35000.0,80000.0,100000.0,100000.0,5
VALLA BEACH,34500.0,41500.0,102000.0,117000.0,189000.0,11
VALLEY HEIGHTS,40500.0,85000.0,110000.0,127500.0,150000.0,21
VAUCLUSE,0.0,208500.0,340000.0,709000.0,3250000.0,203
VIA SUTHERLAND,240000.0,253750.0,267500.0,281250.0,295000.0,2
VILLAWOOD,5000.0,108750.0,124000.0,135000.0,200000.0,32
VINCENTIA,0.0,45000.0,101000.0,145250.0,155000.0,4
VINEYARD,142000.0,142000.0,142000.0,142000.0,142000.0,1
WAGGA WAGGA,0.0,76000.0,96000.0,116000.0,470000.0,371
WAGSTAFFE,75000.0,166250.0,170000.0,208250.0,275000.0,6
WAHROONGA,0.0,250000.0,318000.0,445000.0,2500000.0,368
WAITARA,104000.0,186648.0,220000.0,245340.5,424000.0,58
WAKEFIELD,78000.0,78000.0,78000.0,78000.0,78000.0,1
WAKELEY,7000.0,120125.0,137500.0,145750.0,266000.0,10
WALLA WALLA,65000.0,65000.0,65000.0,65000.0,65000.0,1
WALLABI POINT,43950.0,43950.0,43950.0,43950.0,43950.0,1
WALLACIA,63000.0,86000.0,90000.0,115500.0,124000.0,11
WALLAGA LAKE,105000.0,105000.0,105000.0,105000.0,105000.0,1
WALLALONG,75000.0,82750.0,90500.0,98250.0,106000.0,2
WALLENDBEEN,2500.0,2500.0,2500.0,2500.0,2500.0,1
WALLERAWANG,20000.0,25375.0,27500.0,47750.0,136000.0,8
WALLSEND,0.0,75000.0,102000.0,120000.0,565000.0,302
WAMBERAL,0.0,120000.0,150000.0,197375.0,620000.0,172
WANDERA,4950.0,4950.0,4950.0,4950.0,4950.0,1
WANGANELLA,2500.0,20125.0,27500.0,36750.0,60000.0,4
WANGI WANGI,0.0,33000.0,74000.0,125000.0,250000.0,93
WARABROOK,0.0,56500.0,61500.0,118500.0,249000.0,56
WARATAH,0.0,87750.0,103000.0,121000.0,350000.0,140
WARATAH WEST,0.0,80000.0,102000.0,117000.0,225600.0,45
WARDELL,84000.0,89500.0,92000.0,107500.0,110000.0,7
WAREEMBA,0.0,116250.0,232500.0,331250.0,430000.0,3
WARILLA,7650.0,100000.0,113000.0,130000.0,249000.0,104
WARNERS BAY,0.0,80000.0,115000.0,133000.0,2050000.0,229
WARNERVALE,275000.0,408387.5,541775.0,675162.5,808550.0,2
WARRAGAMBA,35000.0,86000.0,95500.0,115000.0,190000.0,41
WARRAWEE,212000.0,300000.0,475000.0,812500.0,3150000.0,35
WARRAWONG,0.0,0.0,0.0,92000.0,150000.0,37
WARRIEWOOD,150000.0,196250.0,212000.0,238750.0,320000.0,26
WARRIMOO,3000.0,103750.0,119470.0,135000.0,228000.0,60
WARWICK FARM,39000.0,78250.0,86500.0,98625.0,715000.0,96
WATANOBBI,33000.0,56000.0,115450.0,126100.0,240000.0,152
WATERFALL,154000.0,156250.0,168500.0,194500.0,238000.0,4
WATERLOO,86000.0,145875.0,183000.0,230000.0,1300000.0,40
WATSONS BAY,270000.0,605000.0,850000.0,1550000.0,3100000.0,15
WATTLE GROVE,52250.0,61000.0,77000.0,93000.0,203000.0,25
WAVERLEY,3000.0,150000.0,232500.0,296781.0,2857000.0,293
WAVERTON,0.0,177250.0,240000.0,300000.0,713310.0,118
WEDDERBURN,155000.0,155000.0,155000.0,155000.0,155000.0,1
WEE WAA,15000.0,22250.0,75000.0,93750.0,140000.0,38
WEEMELAH,3900.0,3900.0,3900.0,3900.0,3900.0,1
WELBY,42000.0,64000.0,97000.0,108000.0,147000.0,7
WELLINGTON,2600.0,47450.0,60000.0,77500.0,145000.0,111
WENTWORTH,4000.0,32000.0,55000.0,79625.0,160000.0,88
WENTWORTH FALLS,118.0,59625.0,116000.0,150000.0,585000.0,286
WENTWORTHVILLE,0.0,130250.0,150000.0,163375.0,679000.0,286
WERRI BEACH,83000.0,123375.0,135000.0,156625.0,254000.0,12
WERRINGTON,3891.0,93000.0,115000.0,130000.0,625000.0,272
WERRINGTON COUNTY,133500.0,144125.0,154750.0,165375.0,176000.0,2
WERRINGTON DOWNS,106000.0,128925.0,146000.0,168875.0,200000.0,16
WEST BALLINA,94500.0,117750.0,130000.0,165000.0,300000.0,19
WEST BAULKHAM HILLS,203000.0,219000.0,235000.0,246750.0,258500.0,3
WEST DAPTO,142000.0,160000.0,172750.0,179625.0,180000.0,4
WEST DENISTONE,260000.0,260000.0,260000.0,260000.0,260000.0,1
WEST GOSFORD,23000.0,122500.0,130000.0,165000.0,345000.0,39
WEST HAVEN,43000.0,46000.0,49500.0,120000.0,145000.0,7
WEST HOXTON,69000.0,143750.0,178750.0,195000.0,470000.0,6
WEST KILLARA,307500.0,315000.0,328000.0,338000.0,380000.0,5
WEST LINDFIELD,250000.0,272500.0,321000.0,375250.0,415000.0,4
WEST NOWRA,24000.0,34875.0,90500.0,105750.0,118000.0,16
WEST PENNANT HILLS,11500.0,203250.0,275000.0,355000.0,2050000.0,311
WEST PYMBLE,140000.0,250000.0,290000.0,340000.0,710000.0,107
WEST RYDE,0.0,123000.0,170000.0,220000.0,1150000.0,323
WEST ST CLAIR,160000.0,160000.0,160000.0,160000.0,160000.0,1
WEST WALLSEND,0.0,70000.0,91500.0,108750.0,12300000.0,34
WEST WOLLONGONG,0.0,55000.0,118000.0,145000.0,1235000.0,65
WESTDALE,110000.0,110000.0,110000.0,110000.0,110000.0,1
WESTLEIGH,114000.0,233000.0,252500.0,273750.0,750000.0,75
WESTMEAD,0.0,131000.0,150000.0,170000.0,1030000.0,173
WESTON,20000.0,58750.0,72500.0,85000.0,240000.0,56
WETHERILL PARK,55000.0,133000.0,153000.0,192500.0,6500000.0,73
WHALAN,65000.0,75750.0,87750.0,98000.0,120000.0,36
WHALE BEACH,417500.0,428750.0,440000.0,657500.0,875000.0,3
WHEELER HEIGHTS,208000.0,238000.0,250000.0,271000.0,350000.0,21
WHITE CLIFFS,0.0,0.0,75.0,850.0,2850.0,10
WHITEBRIDGE,0.0,58750.0,120000.0,136000.0,325000.0,51
WHITTON,3000.0,24750.0,49500.0,58750.0,61000.0,10
WICKHAM,45000.0,65000.0,67500.0,72500.0,170000.0,14
WILBERFORCE,43750.0,115000.0,134000.0,158000.0,225000.0,45
WILBRFORCE,120000.0,120000.0,120000.0,120000.0,120000.0,1
WILCANNIA,0.0,0.0,100.0,9000.0,23000.0,5
WILEY PARK,75000.0,95000.0,112000.0,142500.0,540000.0,42
WILEY PK,540000.0,540000.0,540000.0,540000.0,540000.0,1
WILLMOT,4500.0,75000.0,79000.0,85000.0,105000.0,26
WILLOUGHBY,0.0,93000.0,150000.0,267750.0,4400000.0,139
WILTON,51000.0,59000.0,73000.0,119250.0,185000.0,14
WINDALE,0.0,0.75,70500.0,80000.0,109000.0,16
WINDANG,0.0,0.0,67250.0,118000.0,180000.0,28
WINDELLA,178000.0,178000.0,178000.0,178000.0,178000.0,1
WINDERMERE PARK,0.0,37187.5,53000.0,105000.0,162500.0,52
WINDSOR,5000.0,111250.0,132000.0,162000.0,450000.0,173
WINGALA,170000.0,180625.0,191250.0,201875.0,212500.0,2
WINGEN,40000.0,50000.0,60000.0,70000.0,80000.0,3
WINGHAM,24000.0,77000.0,93000.0,108000.0,145000.0,89
WINMALEE,22500.0,122187.5,145000.0,179137.5,1775000.0,198
WINSTON HILLS,0.0,159500.0,175000.0,200000.0,318000.0,239
WISEMANS FERRY,33500.0,33500.0,33500.0,33500.0,33500.0,1
WOLLOMBI,45000.0,45000.0,45000.0,45000.0,45000.0,1
WOLLONGBAR,38000.0,53750.0,104000.0,135250.0,210000.0,84
WOLLONGONG,0.0,87000.0,121000.0,153150.0,1000020.0,228
WOLLSTONECRAFT,0.0,185000.0,225000.0,287500.0,1080000.0,275
WOLUMLA,12000.0,18000.0,82500.0,110000.0,180000.0,13
WOMBARRA,0.0,140125.0,173250.0,192500.0,450000.0,12
WONBOYN,35000.0,35000.0,35000.0,35000.0,35000.0,1
WONBOYN LAKE,35000.0,42500.0,60000.0,88750.0,130000.0,4
WONDALGA,500.0,500.0,500.0,500.0,500.0,1
WOODBERRY,20000.0,37000.0,77000.0,93000.0,145000.0,69
WOODBINE,55000.0,110375.0,124000.0,170500.0,253000.0,34
WOODBURN,97500.0,105625.0,113750.0,121875.0,130000.0,2
WOODFORD,8000.0,71000.0,109000.0,132500.0,505000.0,67
WOODPARK,15000.0,62500.0,110000.0,172500.0,235000.0,3
WOODRISING,0.0,33350.0,66000.0,106000.0,134000.0,34
WOOLGOOLGA,22000.0,50000.0,90000.0,113750.0,200000.0,62
WOOLLAHRA,7000.0,180000.0,305000.0,470000.0,11150000.0,267
WOOLLOOMOOLOO,70000.0,82000.0,158750.0,188750.0,2600000.0,32
WOOLOOWARE,95000.0,165000.0,226000.0,270000.0,1900000.0,81
WOOLOWEYAH,33000.0,35500.0,103000.0,155000.0,190000.0,9
WOOLSTONECRAFT,170000.0,170000.0,170000.0,170000.0,170000.0,1
WOOLWICH,0.0,155000.0,417000.0,910000.0,3330586.0,25
WOOMBAH,26000.0,67250.0,85500.0,91750.0,97000.0,4
WOONONA,0.0,99250.0,133000.0,151875.0,350000.0,114
WOONONA HEIGHTS,139500.0,139500.0,139500.0,139500.0,139500.0,1
WOOROOWOOLGAN,34500.0,34500.0,34500.0,34500.0,34500.0,1
WORONORA,8000.0,178000.0,225000.0,267500.0,760000.0,55
WORONORA HEIGHTS,35000.0,152500.0,235000.0,273000.0,352000.0,35
WORONORA RIVER,40000.0,191000.0,213500.0,270000.0,350000.0,14
WOY WOY,0.0,113000.0,125000.0,146000.0,395000.0,283
WOY WOY BAY,25000.0,100000.0,130500.0,194000.0,300000.0,13
WYEE,0.0,45375.0,91850.0,116750.0,169000.0,16
WYEE POINT,0.0,40900.0,78000.0,96500.0,155000.0,15
WYNDHAM,10500.0,12000.0,12000.0,63000.0,67000.0,5
WYOMING,0.0,115000.0,134000.0,155000.0,11500000.0,191
WYONG,33000.0,93250.0,112000.0,126875.0,1474500.0,122
WYONGAH,39500.0,87000.0,108250.0,132200.0,178000.0,68
YAGOONA,54500.0,127875.0,141000.0,155625.0,1670000.0,212
YAMBA,30000.0,41125.0,96000.0,138875.0,750000.0,92
YANCO,12000.0,38500.0,65000.0,65000.0,65000.0,3
YANDERRA,23500.0,62475.0,95000.0,127000.0,129000.0,7
YARRAWARRAH,121000.0,187000.0,204500.0,235000.0,345000.0,21
YARRAWONGA PARK,33000.0,36250.0,95500.0,104500.0,150000.0,14
YASS,4500.0,31250.0,82000.0,103000.0,189000.0,159
YATTALUNGA,55600.0,110000.0,117000.0,133625.0,155000.0,12
YELLOW ROCK,36000.0,48125.0,53500.0,131000.0,141000.0,18
YENDA,6000.0,10000.0,58000.0,84500.0,120000.0,19
YENNORA,110000.0,138750.0,167500.0,196250.0,225000.0,2
YERRINBOOL,122000.0,122000.0,122000.0,122000.0,122000.0,1
YOOGALI,20000.0,20000.0,20000.0,20000.0,20000.0,1
YOSEMITE PARK,44500.0,44500.0,44500.0,44500.0,44500.0,2
YOUNG,5000.0,51000.0,75000.0,93750.0,8500000.0,234
YOWIE BAY,110000.0,238750.0,346000.0,490000.0,1310000.0,20
ZETLAND,129000.0,159375.0,198750.0,232500.0,350000.0,6
nan,0.0,65000.0,97000.0,136500.0,8700000.0,2156
